first_name,last_name,driver_code,year,points,team,team_id,team_code,team_colour_hex,team_colour
Michael,Schumacher,MSC,2000,108,Ferrari,ferrari,FER,#E8002D,red
Mika,Hakkinen,,2000,89,McLaren,mclaren,MCL,#FF8000,orange
David,Coulthard,COU,2000,73,McLaren,mclaren,MCL,#FF8000,orange
Rubens,Barrichello,BAR,2000,62,Ferrari,ferrari,FER,#E8002D,red
Ralf,Schumacher,SCH,2000,24,Williams,williams,WIL,#1868DB,blue
Giancarlo,Fisichella,FIS,2000,18,Benetton,benetton,BEN,#00D2BE,teal
Jacques,Villeneuve,VIL,2000,17,BAR,bar,BAR,#FFFFFF,white
Jenson,Button,BUT,2000,12,Williams,williams,WIL,#1868DB,blue
Heinz-Harald,Frentzen,,2000,11,Jordan,jordan,JOR,#FFC904,yellow
Jarno,Trulli,TRU,2000,6,Jordan,jordan,JOR,#FFC904,yellow
Mika,Salo,,2000,6,Sauber,sauber,SAU,#52E252,green
Jos,Verstappen,,2000,5,Arrows,arrows,ARR,#FF8700,orange
Eddie,Irvine,,2000,4,Jaguar,jaguar,JAG,#0A4F2E,dark green
Ricardo,Zonta,ZON,2000,3,BAR,bar,BAR,#FFFFFF,white
Alexander,Wurz,WUR,2000,2,Benetton,benetton,BEN,#00D2BE,teal
Pedro,de la Rosa,DLR,2000,2,Arrows,arrows,ARR,#FF8700,orange
Johnny,Herbert,,2000,0,Jaguar,jaguar,JAG,#0A4F2E,dark green
Pedro,Diniz,,2000,0,Sauber,sauber,SAU,#52E252,green
Marc,Gene,,2000,0,Minardi,minardi,MIN,#000000,black
Nick,Heidfeld,HEI,2000,0,Prost,prost,PRO,#0033CC,blue
Gaston,Mazzacane,,2000,0,Minardi,minardi,MIN,#000000,black
Jean,Alesi,,2000,0,Prost,prost,PRO,#0033CC,blue
Luciano,Burti,,2000,0,Jaguar,jaguar,JAG,#0A4F2E,dark green
Michael,Schumacher,MSC,2001,123,Ferrari,ferrari,FER,#E8002D,red
David,Coulthard,COU,2001,65,McLaren,mclaren,MCL,#FF8000,orange
Rubens,Barrichello,BAR,2001,56,Ferrari,ferrari,FER,#E8002D,red
Ralf,Schumacher,SCH,2001,49,Williams,williams,WIL,#1868DB,blue
Mika,Hakkinen,,2001,37,McLaren,mclaren,MCL,#FF8000,orange
Juan,Pablo Montoya,MON,2001,31,Williams,williams,WIL,#1868DB,blue
Jacques,Villeneuve,VIL,2001,12,BAR,bar,BAR,#FFFFFF,white
Nick,Heidfeld,HEI,2001,12,Sauber,sauber,SAU,#52E252,green
Jarno,Trulli,TRU,2001,12,Jordan,jordan,JOR,#FFC904,yellow
Kimi,Raikkonen,RAI,2001,9,Sauber,sauber,SAU,#52E252,green
Giancarlo,Fisichella,FIS,2001,8,Benetton,benetton,BEN,#00D2BE,teal
Eddie,Irvine,,2001,6,Jaguar,jaguar,JAG,#0A4F2E,dark green
Heinz-Harald,Frentzen,,2001,6,Prost,prost,PRO,#0033CC,blue
Olivier,Panis,,2001,5,BAR,bar,BAR,#FFFFFF,white
Jean,Alesi,,2001,5,Jordan,jordan,JOR,#FFC904,yellow
Pedro,de la Rosa,DLR,2001,3,Jaguar,jaguar,JAG,#0A4F2E,dark green
Jenson,Button,BUT,2001,2,Benetton,benetton,BEN,#00D2BE,teal
Jos,Verstappen,,2001,1,Arrows,arrows,ARR,#FF8700,orange
Ricardo,Zonta,ZON,2001,0,Jordan,jordan,JOR,#FFC904,yellow
Luciano,Burti,,2001,0,Prost,prost,PRO,#0033CC,blue
Enrique,Bernoldi,,2001,0,Arrows,arrows,ARR,#FF8700,orange
Tarso,Marques,,2001,0,Minardi,minardi,MIN,#000000,black
Fernando,Alonso,ALO,2001,0,Minardi,minardi,MIN,#000000,black
Tomas,Enge,,2001,0,Prost,prost,PRO,#0033CC,blue
Gaston,Mazzacane,,2001,0,Prost,prost,PRO,#0033CC,blue
Alex,Yoong,,2001,0,Minardi,minardi,MIN,#000000,black
Michael,Schumacher,MSC,2002,144,Ferrari,ferrari,FER,#E8002D,red
Rubens,Barrichello,BAR,2002,77,Ferrari,ferrari,FER,#E8002D,red
Juan,Pablo Montoya,MON,2002,50,Williams,williams,WIL,#1868DB,blue
Ralf,Schumacher,SCH,2002,42,Williams,williams,WIL,#1868DB,blue
David,Coulthard,COU,2002,41,McLaren,mclaren,MCL,#FF8000,orange
Kimi,Raikkonen,RAI,2002,24,McLaren,mclaren,MCL,#FF8000,orange
Jenson,Button,BUT,2002,14,Renault,renault,REN,#FFD700,yellow
Jarno,Trulli,TRU,2002,9,Renault,renault,REN,#FFD700,yellow
Eddie,Irvine,,2002,8,Jaguar,jaguar,JAG,#0A4F2E,dark green
Nick,Heidfeld,HEI,2002,7,Sauber,sauber,SAU,#52E252,green
Giancarlo,Fisichella,FIS,2002,7,Jordan,jordan,JOR,#FFC904,yellow
Jacques,Villeneuve,VIL,2002,4,BAR,bar,BAR,#FFFFFF,white
Felipe,Massa,MAS,2002,4,Sauber,sauber,SAU,#52E252,green
Olivier,Panis,,2002,3,BAR,bar,BAR,#FFFFFF,white
Takuma,Sato,SAT,2002,2,Jordan,jordan,JOR,#FFC904,yellow
Mark,Webber,WEB,2002,2,Minardi,minardi,MIN,#000000,black
Mika,Salo,,2002,2,Toyota,toyota,TOY,#CC0000,red
Heinz-Harald,Frentzen,,2002,2,Sauber,sauber,SAU,#52E252,green
Allan,McNish,,2002,0,Toyota,toyota,TOY,#CC0000,red
Alex,Yoong,,2002,0,Minardi,minardi,MIN,#000000,black
Pedro,de la Rosa,DLR,2002,0,Jaguar,jaguar,JAG,#0A4F2E,dark green
Enrique,Bernoldi,,2002,0,Arrows,arrows,ARR,#FF8700,orange
Anthony,Davidson,DAV,2002,0,Minardi,minardi,MIN,#000000,black
Michael,Schumacher,MSC,2003,93,Ferrari,ferrari,FER,#E8002D,red
Kimi,Raikkonen,RAI,2003,91,McLaren,mclaren,MCL,#FF8000,orange
Juan,Pablo Montoya,MON,2003,82,Williams,williams,WIL,#1868DB,blue
Rubens,Barrichello,BAR,2003,65,Ferrari,ferrari,FER,#E8002D,red
Ralf,Schumacher,SCH,2003,58,Williams,williams,WIL,#1868DB,blue
Fernando,Alonso,ALO,2003,55,Renault,renault,REN,#FFD700,yellow
David,Coulthard,COU,2003,51,McLaren,mclaren,MCL,#FF8000,orange
Jarno,Trulli,TRU,2003,33,Renault,renault,REN,#FFD700,yellow
Jenson,Button,BUT,2003,17,BAR,bar,BAR,#FFFFFF,white
Mark,Webber,WEB,2003,17,Jaguar,jaguar,JAG,#0A4F2E,dark green
Heinz-Harald,Frentzen,,2003,13,Sauber,sauber,SAU,#52E252,green
Giancarlo,Fisichella,FIS,2003,12,Jordan,jordan,JOR,#FFC904,yellow
Cristiano,da Matta,,2003,10,Toyota,toyota,TOY,#CC0000,red
Nick,Heidfeld,HEI,2003,6,Sauber,sauber,SAU,#52E252,green
Olivier,Panis,,2003,6,Toyota,toyota,TOY,#CC0000,red
Jacques,Villeneuve,VIL,2003,6,BAR,bar,BAR,#FFFFFF,white
Marc,Gene,,2003,4,Williams,williams,WIL,#1868DB,blue
Takuma,Sato,SAT,2003,3,BAR,bar,BAR,#FFFFFF,white
Ralph,Firman,,2003,1,Jordan,jordan,JOR,#FFC904,yellow
Justin,Wilson,,2003,1,Jaguar,jaguar,JAG,#0A4F2E,dark green
Antonio,Pizzonia,PIZ,2003,0,Jaguar,jaguar,JAG,#0A4F2E,dark green
Jos,Verstappen,,2003,0,Minardi,minardi,MIN,#000000,black
Nicolas,Kiesa,,2003,0,Minardi,minardi,MIN,#000000,black
Zsolt,Baumgartner,,2003,0,Jordan,jordan,JOR,#FFC904,yellow
Michael,Schumacher,MSC,2004,148,Ferrari,ferrari,FER,#E8002D,red
Rubens,Barrichello,BAR,2004,114,Ferrari,ferrari,FER,#E8002D,red
Jenson,Button,BUT,2004,85,BAR,bar,BAR,#FFFFFF,white
Fernando,Alonso,ALO,2004,59,Renault,renault,REN,#FFD700,yellow
Juan,Pablo Montoya,MON,2004,58,Williams,williams,WIL,#1868DB,blue
Jarno,Trulli,TRU,2004,46,Toyota,toyota,TOY,#CC0000,red
Kimi,Raikkonen,RAI,2004,45,McLaren,mclaren,MCL,#FF8000,orange
Takuma,Sato,SAT,2004,34,BAR,bar,BAR,#FFFFFF,white
Ralf,Schumacher,SCH,2004,24,Williams,williams,WIL,#1868DB,blue
David,Coulthard,COU,2004,24,McLaren,mclaren,MCL,#FF8000,orange
Giancarlo,Fisichella,FIS,2004,22,Sauber,sauber,SAU,#52E252,green
Felipe,Massa,MAS,2004,12,Sauber,sauber,SAU,#52E252,green
Mark,Webber,WEB,2004,7,Jaguar,jaguar,JAG,#0A4F2E,dark green
Olivier,Panis,,2004,6,Toyota,toyota,TOY,#CC0000,red
Antonio,Pizzonia,PIZ,2004,6,Williams,williams,WIL,#1868DB,blue
Christian,Klien,KLI,2004,3,Jaguar,jaguar,JAG,#0A4F2E,dark green
Cristiano,da Matta,,2004,3,Toyota,toyota,TOY,#CC0000,red
Nick,Heidfeld,HEI,2004,3,Jordan,jordan,JOR,#FFC904,yellow
Timo,Glock,GLO,2004,2,Jordan,jordan,JOR,#FFC904,yellow
Zsolt,Baumgartner,,2004,1,Minardi,minardi,MIN,#000000,black
Jacques,Villeneuve,VIL,2004,0,Renault,renault,REN,#FFD700,yellow
Ricardo,Zonta,ZON,2004,0,Toyota,toyota,TOY,#CC0000,red
Marc,Gene,,2004,0,Williams,williams,WIL,#1868DB,blue
Giorgio,Pantano,,2004,0,Jordan,jordan,JOR,#FFC904,yellow
Gianmaria,Bruni,,2004,0,Minardi,minardi,MIN,#000000,black
Fernando,Alonso,ALO,2005,133,Renault,renault,REN,#FFD700,yellow
Kimi,Raikkonen,RAI,2005,112,McLaren,mclaren,MCL,#FF8000,orange
Michael,Schumacher,MSC,2005,62,Ferrari,ferrari,FER,#E8002D,red
Juan,Pablo Montoya,MON,2005,60,McLaren,mclaren,MCL,#FF8000,orange
Giancarlo,Fisichella,FIS,2005,58,Renault,renault,REN,#FFD700,yellow
Ralf,Schumacher,SCH,2005,45,Toyota,toyota,TOY,#CC0000,red
Jarno,Trulli,TRU,2005,43,Toyota,toyota,TOY,#CC0000,red
Rubens,Barrichello,BAR,2005,38,Ferrari,ferrari,FER,#E8002D,red
Jenson,Button,BUT,2005,37,BAR,bar,BAR,#FFFFFF,white
Mark,Webber,WEB,2005,36,Williams,williams,WIL,#1868DB,blue
Nick,Heidfeld,HEI,2005,28,Williams,williams,WIL,#1868DB,blue
David,Coulthard,COU,2005,24,Red Bull,red_bull,RBR,#3671C6,blue
Felipe,Massa,MAS,2005,11,Sauber,sauber,SAU,#52E252,green
Jacques,Villeneuve,VIL,2005,9,Sauber,sauber,SAU,#52E252,green
Christian,Klien,KLI,2005,9,Red Bull,red_bull,RBR,#3671C6,blue
Tiago,Monteiro,TMO,2005,7,Jordan,jordan,JOR,#FFC904,yellow
Alexander,Wurz,WUR,2005,6,McLaren,mclaren,MCL,#FF8000,orange
Narain,Karthikeyan,KAR,2005,5,Jordan,jordan,JOR,#FFC904,yellow
Christijan,Albers,ALB,2005,4,Minardi,minardi,MIN,#000000,black
Pedro,de la Rosa,DLR,2005,4,McLaren,mclaren,MCL,#FF8000,orange
Patrick,Friesacher,FRI,2005,3,Minardi,minardi,MIN,#000000,black
Antonio,Pizzonia,PIZ,2005,2,Williams,williams,WIL,#1868DB,blue
Takuma,Sato,SAT,2005,1,BAR,bar,BAR,#FFFFFF,white
Vitantonio,Liuzzi,LIU,2005,1,Red Bull,red_bull,RBR,#3671C6,blue
Robert,Doornbos,DOO,2005,0,Minardi,minardi,MIN,#000000,black
Ricardo,Zonta,ZON,2005,0,Toyota,toyota,TOY,#CC0000,red
Anthony,Davidson,DAV,2005,0,BAR,bar,BAR,#FFFFFF,white
Fernando,Alonso,ALO,2006,134,Renault,renault,REN,#FFD700,yellow
Michael,Schumacher,MSC,2006,121,Ferrari,ferrari,FER,#E8002D,red
Felipe,Massa,MAS,2006,80,Ferrari,ferrari,FER,#E8002D,red
Giancarlo,Fisichella,FIS,2006,72,Renault,renault,REN,#FFD700,yellow
Kimi,Raikkonen,RAI,2006,65,McLaren,mclaren,MCL,#FF8000,orange
Jenson,Button,BUT,2006,56,Honda,honda,HON,#FFFFFF,white
Rubens,Barrichello,BAR,2006,30,Honda,honda,HON,#FFFFFF,white
Juan,Pablo Montoya,MON,2006,26,McLaren,mclaren,MCL,#FF8000,orange
Nick,Heidfeld,HEI,2006,23,BMW Sauber,bmw_sauber,BMW,#0066CC,blue
Ralf,Schumacher,SCH,2006,20,Toyota,toyota,TOY,#CC0000,red
Pedro,de la Rosa,DLR,2006,19,McLaren,mclaren,MCL,#FF8000,orange
Jarno,Trulli,TRU,2006,15,Toyota,toyota,TOY,#CC0000,red
David,Coulthard,COU,2006,14,Red Bull,red_bull,RBR,#3671C6,blue
Mark,Webber,WEB,2006,7,Williams,williams,WIL,#1868DB,blue
Jacques,Villeneuve,VIL,2006,7,BMW Sauber,bmw_sauber,BMW,#0066CC,blue
Robert,Kubica,KUB,2006,6,BMW Sauber,bmw_sauber,BMW,#0066CC,blue
Nico,Rosberg,ROS,2006,4,Williams,williams,WIL,#1868DB,blue
Christian,Klien,KLI,2006,2,Red Bull,red_bull,RBR,#3671C6,blue
Vitantonio,Liuzzi,LIU,2006,1,Toro Rosso,toro_rosso,STR,#2B4562,dark blue
Scott,Speed,SPE,2006,0,Toro Rosso,toro_rosso,STR,#2B4562,dark blue
Tiago,Monteiro,TMO,2006,0,Spyker MF1,spyker_mf1,MF1,#FF6633,orange
Christijan,Albers,ALB,2006,0,Spyker MF1,spyker_mf1,MF1,#FF6633,orange
Takuma,Sato,SAT,2006,0,Super Aguri,super_aguri,SAG,#FFFFFF,white
Robert,Doornbos,DOO,2006,0,Red Bull,red_bull,RBR,#3671C6,blue
Yuji,Ide,IDE,2006,0,Super Aguri,super_aguri,SAG,#FFFFFF,white
Sakon,Yamamoto,YAM,2006,0,Super Aguri,super_aguri,SAG,#FFFFFF,white
Franck,Montagny,FMO,2006,0,Super Aguri,super_aguri,SAG,#FFFFFF,white
Kimi,Raikkonen,RAI,2007,110,Ferrari,ferrari,FER,#E8002D,red
Lewis,Hamilton,HAM,2007,109,McLaren,mclaren,MCL,#FF8000,orange
Fernando,Alonso,ALO,2007,109,McLaren,mclaren,MCL,#FF8000,orange
Felipe,Massa,MAS,2007,94,Ferrari,ferrari,FER,#E8002D,red
Nick,Heidfeld,HEI,2007,61,BMW Sauber,bmw_sauber,BMW,#0066CC,blue
Robert,Kubica,KUB,2007,39,BMW Sauber,bmw_sauber,BMW,#0066CC,blue
Heikki,Kovalainen,KOV,2007,30,Renault,renault,REN,#FFD700,yellow
Giancarlo,Fisichella,FIS,2007,21,Renault,renault,REN,#FFD700,yellow
Nico,Rosberg,ROS,2007,20,Williams,williams,WIL,#1868DB,blue
David,Coulthard,COU,2007,14,Red Bull,red_bull,RBR,#3671C6,blue
Alexander,Wurz,WUR,2007,13,Williams,williams,WIL,#1868DB,blue
Mark,Webber,WEB,2007,10,Red Bull,red_bull,RBR,#3671C6,blue
Jarno,Trulli,TRU,2007,8,Toyota,toyota,TOY,#CC0000,red
Sebastian,Vettel,VET,2007,6,Toro Rosso,toro_rosso,STR,#2B4562,dark blue
Jenson,Button,BUT,2007,6,Honda,honda,HON,#FFFFFF,white
Ralf,Schumacher,SCH,2007,5,Toyota,toyota,TOY,#CC0000,red
Takuma,Sato,SAT,2007,4,Super Aguri,super_aguri,SAG,#FFFFFF,white
Vitantonio,Liuzzi,LIU,2007,3,Toro Rosso,toro_rosso,STR,#2B4562,dark blue
Adrian,Sutil,SUT,2007,1,Spyker,spyker,SPY,#FF6633,orange
Rubens,Barrichello,BAR,2007,0,Honda,honda,HON,#FFFFFF,white
Scott,Speed,SPE,2007,0,Toro Rosso,toro_rosso,STR,#2B4562,dark blue
Kazuki,Nakajima,NAK,2007,0,Williams,williams,WIL,#1868DB,blue
Anthony,Davidson,DAV,2007,0,Super Aguri,super_aguri,SAG,#FFFFFF,white
Sakon,Yamamoto,YAM,2007,0,Spyker,spyker,SPY,#FF6633,orange
Christijan,Albers,ALB,2007,0,Spyker,spyker,SPY,#FF6633,orange
Markus,Winkelhock,WIN,2007,0,Spyker,spyker,SPY,#FF6633,orange
Lewis,Hamilton,HAM,2008,98,McLaren,mclaren,MCL,#FF8000,orange
Felipe,Massa,MAS,2008,97,Ferrari,ferrari,FER,#E8002D,red
Kimi,Raikkonen,RAI,2008,75,Ferrari,ferrari,FER,#E8002D,red
Robert,Kubica,KUB,2008,75,BMW Sauber,bmw_sauber,BMW,#0066CC,blue
Fernando,Alonso,ALO,2008,61,Renault,renault,REN,#FFD700,yellow
Nick,Heidfeld,HEI,2008,60,BMW Sauber,bmw_sauber,BMW,#0066CC,blue
Heikki,Kovalainen,KOV,2008,53,McLaren,mclaren,MCL,#FF8000,orange
Sebastian,Vettel,VET,2008,35,Toro Rosso,toro_rosso,STR,#2B4562,dark blue
Jarno,Trulli,TRU,2008,31,Toyota,toyota,TOY,#CC0000,red
Timo,Glock,GLO,2008,25,Toyota,toyota,TOY,#CC0000,red
Mark,Webber,WEB,2008,21,Red Bull,red_bull,RBR,#3671C6,blue
Nelson,Piquet Jr.,PIQ,2008,19,Renault,renault,REN,#FFD700,yellow
Nico,Rosberg,ROS,2008,17,Williams,williams,WIL,#1868DB,blue
Rubens,Barrichello,BAR,2008,11,Honda,honda,HON,#FFFFFF,white
Kazuki,Nakajima,NAK,2008,9,Williams,williams,WIL,#1868DB,blue
David,Coulthard,COU,2008,8,Red Bull,red_bull,RBR,#3671C6,blue
Sebastien,Bourdais,BOU,2008,4,Toro Rosso,toro_rosso,STR,#2B4562,dark blue
Jenson,Button,BUT,2008,3,Honda,honda,HON,#FFFFFF,white
Giancarlo,Fisichella,FIS,2008,0,Force India,force_india,FIN,#FF80C7,pink
Adrian,Sutil,SUT,2008,0,Force India,force_india,FIN,#FF80C7,pink
Takuma,Sato,SAT,2008,0,Super Aguri,super_aguri,SAG,#FFFFFF,white
Anthony,Davidson,DAV,2008,0,Super Aguri,super_aguri,SAG,#FFFFFF,white
Jenson,Button,BUT,2009,95,Brawn,brawn,BRA,#B5F500,lime
Sebastian,Vettel,VET,2009,84,Red Bull,red_bull,RBR,#3671C6,blue
Rubens,Barrichello,BAR,2009,77,Brawn,brawn,BRA,#B5F500,lime
Mark,Webber,WEB,2009,69.5,Red Bull,red_bull,RBR,#3671C6,blue
Lewis,Hamilton,HAM,2009,49,McLaren,mclaren,MCL,#FF8000,orange
Kimi,Raikkonen,RAI,2009,48,Ferrari,ferrari,FER,#E8002D,red
Nico,Rosberg,ROS,2009,34.5,Williams,williams,WIL,#1868DB,blue
Jarno,Trulli,TRU,2009,32.5,Toyota,toyota,TOY,#CC0000,red
Fernando,Alonso,ALO,2009,26,Renault,renault,REN,#FFD700,yellow
Timo,Glock,GLO,2009,24,Toyota,toyota,TOY,#CC0000,red
Felipe,Massa,MAS,2009,22,Ferrari,ferrari,FER,#E8002D,red
Heikki,Kovalainen,KOV,2009,22,McLaren,mclaren,MCL,#FF8000,orange
Nick,Heidfeld,HEI,2009,19,BMW Sauber,bmw_sauber,BMW,#0066CC,blue
Robert,Kubica,KUB,2009,17,BMW Sauber,bmw_sauber,BMW,#0066CC,blue
Giancarlo,Fisichella,FIS,2009,8,Ferrari,ferrari,FER,#E8002D,red
Sebastien,Buemi,BUE,2009,6,Toro Rosso,toro_rosso,STR,#2B4562,dark blue
Adrian,Sutil,SUT,2009,5,Force India,force_india,FIN,#FF80C7,pink
Kamui,Kobayashi,KOB,2009,3,Toyota,toyota,TOY,#CC0000,red
Sebastien,Bourdais,BOU,2009,2,Toro Rosso,toro_rosso,STR,#2B4562,dark blue
Kazuki,Nakajima,NAK,2009,0,Williams,williams,WIL,#1868DB,blue
Nelson,Piquet Jr.,PIQ,2009,0,Renault,renault,REN,#FFD700,yellow
Vitantonio,Liuzzi,LIU,2009,0,Force India,force_india,FIN,#FF80C7,pink
Romain,Grosjean,GRO,2009,0,Renault,renault,REN,#FFD700,yellow
Jaime,Alguersuari,ALG,2009,0,Toro Rosso,toro_rosso,STR,#2B4562,dark blue
Luca,Badoer,BAD,2009,0,Ferrari,ferrari,FER,#E8002D,red
Sebastian,Vettel,VET,2010,256,Red Bull,red_bull,RBR,#3671C6,blue
Fernando,Alonso,ALO,2010,252,Ferrari,ferrari,FER,#E8002D,red
Mark,Webber,WEB,2010,242,Red Bull,red_bull,RBR,#3671C6,blue
Lewis,Hamilton,HAM,2010,240,McLaren,mclaren,MCL,#FF8000,orange
Jenson,Button,BUT,2010,214,McLaren,mclaren,MCL,#FF8000,orange
Felipe,Massa,MAS,2010,144,Ferrari,ferrari,FER,#E8002D,red
Nico,Rosberg,ROS,2010,142,Mercedes,mercedes,MER,#27F4D2,teal
Robert,Kubica,KUB,2010,136,Renault,renault,REN,#FFD700,yellow
Michael,Schumacher,MSC,2010,72,Mercedes,mercedes,MER,#27F4D2,teal
Rubens,Barrichello,BAR,2010,47,Williams,williams,WIL,#1868DB,blue
Adrian,Sutil,SUT,2010,47,Force India,force_india,FIN,#FF80C7,pink
Kamui,Kobayashi,KOB,2010,32,Sauber,sauber,SAU,#52E252,green
Vitaly,Petrov,PET,2010,27,Renault,renault,REN,#FFD700,yellow
Nico,Hulkenberg,HUL,2010,22,Williams,williams,WIL,#1868DB,blue
Vitantonio,Liuzzi,LIU,2010,21,Force India,force_india,FIN,#FF80C7,pink
Sebastien,Buemi,BUE,2010,8,Toro Rosso,toro_rosso,STR,#2B4562,dark blue
Pedro,de la Rosa,DLR,2010,6,Sauber,sauber,SAU,#52E252,green
Nick,Heidfeld,HEI,2010,6,Sauber,sauber,SAU,#52E252,green
Jaime,Alguersuari,ALG,2010,5,Toro Rosso,toro_rosso,STR,#2B4562,dark blue
Heikki,Kovalainen,KOV,2010,0,Lotus,lotus_racing,LOR,#006A4E,green
Jarno,Trulli,TRU,2010,0,Lotus,lotus_racing,LOR,#006A4E,green
Karun,Chandhok,CHA,2010,0,HRT,hrt,HRT,#A08A5B,gold
Bruno,Senna,SEN,2010,0,HRT,hrt,HRT,#A08A5B,gold
Lucas,di Grassi,DIG,2010,0,Virgin,virgin,VIR,#000000,black
Timo,Glock,GLO,2010,0,Virgin,virgin,VIR,#000000,black
Sakon,Yamamoto,YAM,2010,0,HRT,hrt,HRT,#A08A5B,gold
Christian,Klien,KLI,2010,0,HRT,hrt,HRT,#A08A5B,gold
Sebastian,Vettel,VET,2011,392,Red Bull,red_bull,RBR,#3671C6,blue
Jenson,Button,BUT,2011,270,McLaren,mclaren,MCL,#FF8000,orange
Mark,Webber,WEB,2011,258,Red Bull,red_bull,RBR,#3671C6,blue
Fernando,Alonso,ALO,2011,257,Ferrari,ferrari,FER,#E8002D,red
Lewis,Hamilton,HAM,2011,227,McLaren,mclaren,MCL,#FF8000,orange
Felipe,Massa,MAS,2011,118,Ferrari,ferrari,FER,#E8002D,red
Nico,Rosberg,ROS,2011,89,Mercedes,mercedes,MER,#27F4D2,teal
Michael,Schumacher,MSC,2011,76,Mercedes,mercedes,MER,#27F4D2,teal
Adrian,Sutil,SUT,2011,42,Force India,force_india,FIN,#FF80C7,pink
Vitaly,Petrov,PET,2011,37,Renault,renault,REN,#FFD700,yellow
Nick,Heidfeld,HEI,2011,34,Renault,renault,REN,#FFD700,yellow
Kamui,Kobayashi,KOB,2011,30,Sauber,sauber,SAU,#52E252,green
Paul,di Resta,DIR,2011,27,Force India,force_india,FIN,#FF80C7,pink
Jaime,Alguersuari,ALG,2011,26,Toro Rosso,toro_rosso,STR,#2B4562,dark blue
Sebastien,Buemi,BUE,2011,15,Toro Rosso,toro_rosso,STR,#2B4562,dark blue
Sergio,Perez,PER,2011,14,Sauber,sauber,SAU,#52E252,green
Rubens,Barrichello,BAR,2011,4,Williams,williams,WIL,#1868DB,blue
Bruno,Senna,SEN,2011,2,Renault,renault,REN,#FFD700,yellow
Pastor,Maldonado,MAL,2011,1,Williams,williams,WIL,#1868DB,blue
Pedro,de la Rosa,DLR,2011,0,Sauber,sauber,SAU,#52E252,green
Jarno,Trulli,TRU,2011,0,Lotus,lotus_racing,LOR,#006A4E,green
Heikki,Kovalainen,KOV,2011,0,Lotus,lotus_racing,LOR,#006A4E,green
Vitantonio,Liuzzi,LIU,2011,0,HRT,hrt,HRT,#A08A5B,gold
Jerome,d'Ambrosio,DAM,2011,0,Virgin,virgin,VIR,#000000,black
Timo,Glock,GLO,2011,0,Virgin,virgin,VIR,#000000,black
Narain,Karthikeyan,KAR,2011,0,HRT,hrt,HRT,#A08A5B,gold
Daniel,Ricciardo,RIC,2011,0,HRT,hrt,HRT,#A08A5B,gold
Karun,Chandhok,CHA,2011,0,Lotus,lotus_racing,LOR,#006A4E,green
Sebastian,Vettel,VET,2012,281,Red Bull,red_bull,RBR,#3671C6,blue
Fernando,Alonso,ALO,2012,278,Ferrari,ferrari,FER,#E8002D,red
Kimi,Raikkonen,RAI,2012,207,Lotus F1,lotus_f1,LOT,#000000,black
Lewis,Hamilton,HAM,2012,190,McLaren,mclaren,MCL,#FF8000,orange
Jenson,Button,BUT,2012,188,McLaren,mclaren,MCL,#FF8000,orange
Mark,Webber,WEB,2012,179,Red Bull,red_bull,RBR,#3671C6,blue
Felipe,Massa,MAS,2012,122,Ferrari,ferrari,FER,#E8002D,red
Romain,Grosjean,GRO,2012,96,Lotus F1,lotus_f1,LOT,#000000,black
Nico,Rosberg,ROS,2012,93,Mercedes,mercedes,MER,#27F4D2,teal
Sergio,Perez,PER,2012,66,Sauber,sauber,SAU,#52E252,green
Nico,Hulkenberg,HUL,2012,63,Force India,force_india,FIN,#FF80C7,pink
Kamui,Kobayashi,KOB,2012,60,Sauber,sauber,SAU,#52E252,green
Michael,Schumacher,MSC,2012,49,Mercedes,mercedes,MER,#27F4D2,teal
Paul,di Resta,DIR,2012,46,Force India,force_india,FIN,#FF80C7,pink
Pastor,Maldonado,MAL,2012,45,Williams,williams,WIL,#1868DB,blue
Bruno,Senna,SEN,2012,31,Williams,williams,WIL,#1868DB,blue
Jean-Eric,Vergne,VER,2012,16,Toro Rosso,toro_rosso,STR,#2B4562,dark blue
Daniel,Ricciardo,RIC,2012,10,Toro Rosso,toro_rosso,STR,#2B4562,dark blue
Vitaly,Petrov,PET,2012,0,Caterham,caterham,CTR,#005030,dark green
Timo,Glock,GLO,2012,0,Marussia,marussia,MRS,#6E0000,dark red
Charles,Pic,PIC,2012,0,Marussia,marussia,MRS,#6E0000,dark red
Heikki,Kovalainen,KOV,2012,0,Caterham,caterham,CTR,#005030,dark green
Jerome,d'Ambrosio,DAM,2012,0,Lotus F1,lotus_f1,LOT,#000000,black
Narain,Karthikeyan,KAR,2012,0,HRT,hrt,HRT,#A08A5B,gold
Pedro,de la Rosa,DLR,2012,0,HRT,hrt,HRT,#A08A5B,gold
Sebastian,Vettel,VET,2013,397,Red Bull,red_bull,RBR,#3671C6,blue
Fernando,Alonso,ALO,2013,242,Ferrari,ferrari,FER,#E8002D,red
Mark,Webber,WEB,2013,199,Red Bull,red_bull,RBR,#3671C6,blue
Lewis,Hamilton,HAM,2013,189,Mercedes,mercedes,MER,#27F4D2,teal
Kimi,Raikkonen,RAI,2013,183,Lotus F1,lotus_f1,LOT,#000000,black
Nico,Rosberg,ROS,2013,171,Mercedes,mercedes,MER,#27F4D2,teal
Romain,Grosjean,GRO,2013,132,Lotus F1,lotus_f1,LOT,#000000,black
Felipe,Massa,MAS,2013,112,Ferrari,ferrari,FER,#E8002D,red
Jenson,Button,BUT,2013,73,McLaren,mclaren,MCL,#FF8000,orange
Nico,Hulkenberg,HUL,2013,51,Sauber,sauber,SAU,#52E252,green
Sergio,Perez,PER,2013,49,McLaren,mclaren,MCL,#FF8000,orange
Paul,di Resta,DIR,2013,48,Force India,force_india,FIN,#FF80C7,pink
Adrian,Sutil,SUT,2013,29,Force India,force_india,FIN,#FF80C7,pink
Daniel,Ricciardo,RIC,2013,20,Toro Rosso,toro_rosso,STR,#2B4562,dark blue
Jean-Eric,Vergne,VER,2013,13,Toro Rosso,toro_rosso,STR,#2B4562,dark blue
Esteban,Gutierrez,GUT,2013,6,Sauber,sauber,SAU,#52E252,green
Valtteri,Bottas,BOT,2013,4,Williams,williams,WIL,#1868DB,blue
Pastor,Maldonado,MAL,2013,1,Williams,williams,WIL,#1868DB,blue
Jules,Bianchi,BIA,2013,0,Marussia,marussia,MRS,#6E0000,dark red
Charles,Pic,PIC,2013,0,Caterham,caterham,CTR,#005030,dark green
Giedo,van der Garde,VDG,2013,0,Caterham,caterham,CTR,#005030,dark green
Heikki,Kovalainen,KOV,2013,0,Lotus F1,lotus_f1,LOT,#000000,black
Max,Chilton,CHI,2013,0,Marussia,marussia,MRS,#6E0000,dark red
Lewis,Hamilton,HAM,2014,384,Mercedes,mercedes,MER,#27F4D2,teal
Nico,Rosberg,ROS,2014,317,Mercedes,mercedes,MER,#27F4D2,teal
Daniel,Ricciardo,RIC,2014,238,Red Bull,red_bull,RBR,#3671C6,blue
Valtteri,Bottas,BOT,2014,186,Williams,williams,WIL,#1868DB,blue
Sebastian,Vettel,VET,2014,167,Red Bull,red_bull,RBR,#3671C6,blue
Fernando,Alonso,ALO,2014,161,Ferrari,ferrari,FER,#E8002D,red
Felipe,Massa,MAS,2014,134,Williams,williams,WIL,#1868DB,blue
Jenson,Button,BUT,2014,126,McLaren,mclaren,MCL,#FF8000,orange
Nico,Hulkenberg,HUL,2014,96,Force India,force_india,FIN,#FF80C7,pink
Sergio,Perez,PER,2014,59,Force India,force_india,FIN,#FF80C7,pink
Kevin,Magnussen,MAG,2014,55,McLaren,mclaren,MCL,#FF8000,orange
Kimi,Raikkonen,RAI,2014,55,Ferrari,ferrari,FER,#E8002D,red
Jean-Eric,Vergne,VER,2014,22,Toro Rosso,toro_rosso,STR,#2B4562,dark blue
Romain,Grosjean,GRO,2014,8,Lotus F1,lotus_f1,LOT,#000000,black
Daniil,Kvyat,KVY,2014,8,Toro Rosso,toro_rosso,STR,#2B4562,dark blue
Pastor,Maldonado,MAL,2014,2,Lotus F1,lotus_f1,LOT,#000000,black
Jules,Bianchi,BIA,2014,2,Marussia,marussia,MRS,#6E0000,dark red
Adrian,Sutil,SUT,2014,0,Sauber,sauber,SAU,#52E252,green
Marcus,Ericsson,ERI,2014,0,Caterham,caterham,CTR,#005030,dark green
Esteban,Gutierrez,GUT,2014,0,Sauber,sauber,SAU,#52E252,green
Max,Chilton,CHI,2014,0,Marussia,marussia,MRS,#6E0000,dark red
Kamui,Kobayashi,KOB,2014,0,Caterham,caterham,CTR,#005030,dark green
Will,Stevens,STE,2014,0,Caterham,caterham,CTR,#005030,dark green
Andre,Lotterer,LOT,2014,0,Caterham,caterham,CTR,#005030,dark green
Lewis,Hamilton,HAM,2015,381,Mercedes,mercedes,MER,#27F4D2,teal
Nico,Rosberg,ROS,2015,322,Mercedes,mercedes,MER,#27F4D2,teal
Sebastian,Vettel,VET,2015,278,Ferrari,ferrari,FER,#E8002D,red
Kimi,Raikkonen,RAI,2015,150,Ferrari,ferrari,FER,#E8002D,red
Valtteri,Bottas,BOT,2015,136,Williams,williams,WIL,#1868DB,blue
Felipe,Massa,MAS,2015,121,Williams,williams,WIL,#1868DB,blue
Daniil,Kvyat,KVY,2015,95,Red Bull,red_bull,RBR,#3671C6,blue
Daniel,Ricciardo,RIC,2015,92,Red Bull,red_bull,RBR,#3671C6,blue
Sergio,Perez,PER,2015,78,Force India,force_india,FIN,#FF80C7,pink
Nico,Hulkenberg,HUL,2015,58,Force India,force_india,FIN,#FF80C7,pink
Romain,Grosjean,GRO,2015,51,Lotus F1,lotus_f1,LOT,#000000,black
Max,Verstappen,VER,2015,49,Toro Rosso,toro_rosso,STR,#2B4562,dark blue
Felipe,Nasr,NAS,2015,27,Sauber,sauber,SAU,#52E252,green
Pastor,Maldonado,MAL,2015,27,Lotus F1,lotus_f1,LOT,#000000,black
Carlos,Sainz,SAI,2015,18,Toro Rosso,toro_rosso,STR,#2B4562,dark blue
Jenson,Button,BUT,2015,16,McLaren,mclaren,MCL,#FF8000,orange
Fernando,Alonso,ALO,2015,11,McLaren,mclaren,MCL,#FF8000,orange
Marcus,Ericsson,ERI,2015,9,Sauber,sauber,SAU,#52E252,green
Roberto,Merhi,MER,2015,0,Manor Marussia,manor,MAN,#6E0000,dark red
Alexander,Rossi,RSS,2015,0,Manor Marussia,manor,MAN,#6E0000,dark red
Will,Stevens,STE,2015,0,Manor Marussia,manor,MAN,#6E0000,dark red
Kevin,Magnussen,MAG,2015,0,McLaren,mclaren,MCL,#FF8000,orange
Nico,Rosberg,ROS,2016,385,Mercedes,mercedes,MER,#27F4D2,teal
Lewis,Hamilton,HAM,2016,380,Mercedes,mercedes,MER,#27F4D2,teal
Daniel,Ricciardo,RIC,2016,256,Red Bull,red_bull,RBR,#3671C6,blue
Sebastian,Vettel,VET,2016,212,Ferrari,ferrari,FER,#E8002D,red
Max,Verstappen,VER,2016,204,Red Bull,red_bull,RBR,#3671C6,blue
Kimi,Raikkonen,RAI,2016,186,Ferrari,ferrari,FER,#E8002D,red
Sergio,Perez,PER,2016,101,Force India,force_india,FIN,#FF80C7,pink
Valtteri,Bottas,BOT,2016,85,Williams,williams,WIL,#1868DB,blue
Nico,Hulkenberg,HUL,2016,72,Force India,force_india,FIN,#FF80C7,pink
Fernando,Alonso,ALO,2016,54,McLaren,mclaren,MCL,#FF8000,orange
Felipe,Massa,MAS,2016,53,Williams,williams,WIL,#1868DB,blue
Carlos,Sainz,SAI,2016,46,Toro Rosso,toro_rosso,STR,#2B4562,dark blue
Romain,Grosjean,GRO,2016,29,Haas F1 Team,haas,HAS,#B6BABD,grey
Daniil,Kvyat,KVY,2016,25,Toro Rosso,toro_rosso,STR,#2B4562,dark blue
Jenson,Button,BUT,2016,21,McLaren,mclaren,MCL,#FF8000,orange
Kevin,Magnussen,MAG,2016,7,Renault,renault,REN,#FFD700,yellow
Felipe,Nasr,NAS,2016,2,Sauber,sauber,SAU,#52E252,green
Jolyon,Palmer,PAL,2016,1,Renault,renault,REN,#FFD700,yellow
Pascal,Wehrlein,WEH,2016,1,Manor Marussia,manor,MAN,#6E0000,dark red
Stoffel,Vandoorne,VAN,2016,1,McLaren,mclaren,MCL,#FF8000,orange
Esteban,Gutierrez,GUT,2016,0,Haas F1 Team,haas,HAS,#B6BABD,grey
Marcus,Ericsson,ERI,2016,0,Sauber,sauber,SAU,#52E252,green
Esteban,Ocon,OCO,2016,0,Manor Marussia,manor,MAN,#6E0000,dark red
Rio,Haryanto,HAR,2016,0,Manor Marussia,manor,MAN,#6E0000,dark red
Lewis,Hamilton,HAM,2017,363,Mercedes,mercedes,MER,#27F4D2,teal
Sebastian,Vettel,VET,2017,317,Ferrari,ferrari,FER,#E8002D,red
Valtteri,Bottas,BOT,2017,305,Mercedes,mercedes,MER,#27F4D2,teal
Kimi,Raikkonen,RAI,2017,205,Ferrari,ferrari,FER,#E8002D,red
Daniel,Ricciardo,RIC,2017,200,Red Bull,red_bull,RBR,#3671C6,blue
Max,Verstappen,VER,2017,168,Red Bull,red_bull,RBR,#3671C6,blue
Sergio,Perez,PER,2017,100,Force India,force_india,FIN,#FF80C7,pink
Esteban,Ocon,OCO,2017,87,Force India,force_india,FIN,#FF80C7,pink
Carlos,Sainz,SAI,2017,54,Renault,renault,REN,#FFD700,yellow
Nico,Hulkenberg,HUL,2017,43,Renault,renault,REN,#FFD700,yellow
Felipe,Massa,MAS,2017,43,Williams,williams,WIL,#1868DB,blue
Lance,Stroll,STR,2017,40,Williams,williams,WIL,#1868DB,blue
Romain,Grosjean,GRO,2017,28,Haas F1 Team,haas,HAS,#B6BABD,grey
Kevin,Magnussen,MAG,2017,19,Haas F1 Team,haas,HAS,#B6BABD,grey
Fernando,Alonso,ALO,2017,17,McLaren,mclaren,MCL,#FF8000,orange
Stoffel,Vandoorne,VAN,2017,13,McLaren,mclaren,MCL,#FF8000,orange
Jolyon,Palmer,PAL,2017,8,Renault,renault,REN,#FFD700,yellow
Pascal,Wehrlein,WEH,2017,5,Sauber,sauber,SAU,#52E252,green
Daniil,Kvyat,KVY,2017,5,Toro Rosso,toro_rosso,STR,#2B4562,dark blue
Marcus,Ericsson,ERI,2017,0,Sauber,sauber,SAU,#52E252,green
Pierre,Gasly,GAS,2017,0,Toro Rosso,toro_rosso,STR,#2B4562,dark blue
Antonio,Giovinazzi,GIO,2017,0,Sauber,sauber,SAU,#52E252,green
Brendon,Hartley,HAR,2017,0,Toro Rosso,toro_rosso,STR,#2B4562,dark blue
Jenson,Button,BUT,2017,0,McLaren,mclaren,MCL,#FF8000,orange
Paul,di Resta,DIR,2017,0,Williams,williams,WIL,#1868DB,blue
Lewis,Hamilton,HAM,2018,408,Mercedes,mercedes,MER,#27F4D2,teal
Sebastian,Vettel,VET,2018,320,Ferrari,ferrari,FER,#E8002D,red
Kimi,Raikkonen,RAI,2018,251,Ferrari,ferrari,FER,#E8002D,red
Max,Verstappen,VER,2018,249,Red Bull,red_bull,RBR,#3671C6,blue
Valtteri,Bottas,BOT,2018,247,Mercedes,mercedes,MER,#27F4D2,teal
Daniel,Ricciardo,RIC,2018,170,Red Bull,red_bull,RBR,#3671C6,blue
Nico,Hulkenberg,HUL,2018,69,Renault,renault,REN,#FFD700,yellow
Sergio,Perez,PER,2018,62,Force India,force_india,FIN,#FF80C7,pink
Kevin,Magnussen,MAG,2018,56,Haas F1 Team,haas,HAS,#B6BABD,grey
Carlos,Sainz,SAI,2018,53,Renault,renault,REN,#FFD700,yellow
Fernando,Alonso,ALO,2018,50,McLaren,mclaren,MCL,#FF8000,orange
Esteban,Ocon,OCO,2018,49,Force India,force_india,FIN,#FF80C7,pink
Charles,Leclerc,LEC,2018,39,Sauber,sauber,SAU,#52E252,green
Romain,Grosjean,GRO,2018,37,Haas F1 Team,haas,HAS,#B6BABD,grey
Pierre,Gasly,GAS,2018,29,Toro Rosso,toro_rosso,STR,#2B4562,dark blue
Stoffel,Vandoorne,VAN,2018,12,McLaren,mclaren,MCL,#FF8000,orange
Marcus,Ericsson,ERI,2018,9,Sauber,sauber,SAU,#52E252,green
Lance,Stroll,STR,2018,6,Williams,williams,WIL,#1868DB,blue
Brendon,Hartley,HAR,2018,4,Toro Rosso,toro_rosso,STR,#2B4562,dark blue
Sergey,Sirotkin,SIR,2018,1,Williams,williams,WIL,#1868DB,blue
Lewis,Hamilton,HAM,2019,413,Mercedes,mercedes,MER,#27F4D2,teal
Valtteri,Bottas,BOT,2019,326,Mercedes,mercedes,MER,#27F4D2,teal
Max,Verstappen,VER,2019,278,Red Bull,red_bull,RBR,#3671C6,blue
Charles,Leclerc,LEC,2019,264,Ferrari,ferrari,FER,#E8002D,red
Sebastian,Vettel,VET,2019,240,Ferrari,ferrari,FER,#E8002D,red
Carlos,Sainz,SAI,2019,96,McLaren,mclaren,MCL,#FF8000,orange
Pierre,Gasly,GAS,2019,95,Toro Rosso,toro_rosso,STR,#2B4562,dark blue
Alexander,Albon,ALB,2019,92,Red Bull,red_bull,RBR,#3671C6,blue
Daniel,Ricciardo,RIC,2019,54,Renault,renault,REN,#FFD700,yellow
Sergio,Perez,PER,2019,52,Racing Point,racing_point,RAC,#FF69B4,pink
Lando,Norris,NOR,2019,49,McLaren,mclaren,MCL,#FF8000,orange
Kimi,Raikkonen,RAI,2019,43,Alfa Romeo,alfa,ALF,#B12028,maroon
Daniil,Kvyat,KVY,2019,37,Toro Rosso,toro_rosso,STR,#2B4562,dark blue
Nico,Hulkenberg,HUL,2019,37,Renault,renault,REN,#FFD700,yellow
Lance,Stroll,STR,2019,21,Racing Point,racing_point,RAC,#FF69B4,pink
Kevin,Magnussen,MAG,2019,20,Haas F1 Team,haas,HAS,#B6BABD,grey
Antonio,Giovinazzi,GIO,2019,14,Alfa Romeo,alfa,ALF,#B12028,maroon
Romain,Grosjean,GRO,2019,8,Haas F1 Team,haas,HAS,#B6BABD,grey
Robert,Kubica,KUB,2019,1,Williams,williams,WIL,#1868DB,blue
George,Russell,RUS,2019,0,Williams,williams,WIL,#1868DB,blue
Lewis,Hamilton,HAM,2020,347,Mercedes,mercedes,MER,#27F4D2,teal
Valtteri,Bottas,BOT,2020,223,Mercedes,mercedes,MER,#27F4D2,teal
Max,Verstappen,VER,2020,214,Red Bull,red_bull,RBR,#3671C6,blue
Sergio,Perez,PER,2020,125,Racing Point,racing_point,RAC,#FF69B4,pink
Daniel,Ricciardo,RIC,2020,119,Renault,renault,REN,#FFD700,yellow
Carlos,Sainz,SAI,2020,105,McLaren,mclaren,MCL,#FF8000,orange
Alexander,Albon,ALB,2020,105,Red Bull,red_bull,RBR,#3671C6,blue
Charles,Leclerc,LEC,2020,98,Ferrari,ferrari,FER,#E8002D,red
Lando,Norris,NOR,2020,97,McLaren,mclaren,MCL,#FF8000,orange
Pierre,Gasly,GAS,2020,75,AlphaTauri,alphatauri,APT,#4E7C9B,navy
Lance,Stroll,STR,2020,75,Racing Point,racing_point,RAC,#FF69B4,pink
Esteban,Ocon,OCO,2020,62,Renault,renault,REN,#FFD700,yellow
Sebastian,Vettel,VET,2020,33,Ferrari,ferrari,FER,#E8002D,red
Daniil,Kvyat,KVY,2020,32,AlphaTauri,alphatauri,APT,#4E7C9B,navy
Nico,Hulkenberg,HUL,2020,10,Racing Point,racing_point,RAC,#FF69B4,pink
Kimi,Raikkonen,RAI,2020,4,Alfa Romeo,alfa,ALF,#B12028,maroon
Antonio,Giovinazzi,GIO,2020,4,Alfa Romeo,alfa,ALF,#B12028,maroon
George,Russell,RUS,2020,3,Mercedes,mercedes,MER,#27F4D2,teal
Romain,Grosjean,GRO,2020,2,Haas F1 Team,haas,HAS,#B6BABD,grey
Kevin,Magnussen,MAG,2020,1,Haas F1 Team,haas,HAS,#B6BABD,grey
Nicholas,Latifi,LAT,2020,0,Williams,williams,WIL,#1868DB,blue
Jack,Aitken,AIT,2020,0,Williams,williams,WIL,#1868DB,blue
Pietro,Fittipaldi,FIT,2020,0,Haas F1 Team,haas,HAS,#B6BABD,grey
Max,Verstappen,VER,2021,395.5,Red Bull,red_bull,RBR,#3671C6,blue
Lewis,Hamilton,HAM,2021,387.5,Mercedes,mercedes,MER,#27F4D2,teal
Valtteri,Bottas,BOT,2021,226,Mercedes,mercedes,MER,#27F4D2,teal
Sergio,Perez,PER,2021,190,Red Bull,red_bull,RBR,#3671C6,blue
Carlos,Sainz,SAI,2021,164.5,Ferrari,ferrari,FER,#E8002D,red
Lando,Norris,NOR,2021,160,McLaren,mclaren,MCL,#FF8000,orange
Charles,Leclerc,LEC,2021,159,Ferrari,ferrari,FER,#E8002D,red
Daniel,Ricciardo,RIC,2021,115,McLaren,mclaren,MCL,#FF8000,orange
Pierre,Gasly,GAS,2021,110,AlphaTauri,alphatauri,APT,#4E7C9B,navy
Fernando,Alonso,ALO,2021,81,Alpine F1 Team,alpine,ALP,#FF87BC,pink
Esteban,Ocon,OCO,2021,74,Alpine F1 Team,alpine,ALP,#FF87BC,pink
Sebastian,Vettel,VET,2021,43,Aston Martin,aston_martin,AMR,#358C75,green
Lance,Stroll,STR,2021,34,Aston Martin,aston_martin,AMR,#358C75,green
Yuki,Tsunoda,TSU,2021,32,AlphaTauri,alphatauri,APT,#4E7C9B,navy
George,Russell,RUS,2021,16,Williams,williams,WIL,#1868DB,blue
Kimi,Raikkonen,RAI,2021,10,Alfa Romeo,alfa,ALF,#B12028,maroon
Nicholas,Latifi,LAT,2021,7,Williams,williams,WIL,#1868DB,blue
Antonio,Giovinazzi,GIO,2021,3,Alfa Romeo,alfa,ALF,#B12028,maroon
Mick,Schumacher,MSC,2021,0,Haas F1 Team,haas,HAS,#B6BABD,grey
Robert,Kubica,KUB,2021,0,Alfa Romeo,alfa,ALF,#B12028,maroon
Nikita,Mazepin,MAZ,2021,0,Haas F1 Team,haas,HAS,#B6BABD,grey
Max,Verstappen,VER,2022,454,Red Bull,red_bull,RBR,#3671C6,blue
Charles,Leclerc,LEC,2022,308,Ferrari,ferrari,FER,#E8002D,red
Sergio,Perez,PER,2022,305,Red Bull,red_bull,RBR,#3671C6,blue
George,Russell,RUS,2022,275,Mercedes,mercedes,MER,#27F4D2,teal
Carlos,Sainz,SAI,2022,246,Ferrari,ferrari,FER,#E8002D,red
Lewis,Hamilton,HAM,2022,240,Mercedes,mercedes,MER,#27F4D2,teal
Lando,Norris,NOR,2022,122,McLaren,mclaren,MCL,#FF8000,orange
Esteban,Ocon,OCO,2022,92,Alpine F1 Team,alpine,ALP,#FF87BC,pink
Fernando,Alonso,ALO,2022,81,Alpine F1 Team,alpine,ALP,#FF87BC,pink
Valtteri,Bottas,BOT,2022,49,Alfa Romeo,alfa,ALF,#B12028,maroon
Daniel,Ricciardo,RIC,2022,37,McLaren,mclaren,MCL,#FF8000,orange
Sebastian,Vettel,VET,2022,37,Aston Martin,aston_martin,AMR,#358C75,green
Kevin,Magnussen,MAG,2022,25,Haas F1 Team,haas,HAS,#B6BABD,grey
Pierre,Gasly,GAS,2022,23,AlphaTauri,alphatauri,APT,#4E7C9B,navy
Lance,Stroll,STR,2022,18,Aston Martin,aston_martin,AMR,#358C75,green
Mick,Schumacher,MSC,2022,12,Haas F1 Team,haas,HAS,#B6BABD,grey
Yuki,Tsunoda,TSU,2022,12,AlphaTauri,alphatauri,APT,#4E7C9B,navy
Guanyu,Zhou,ZHO,2022,6,Alfa Romeo,alfa,ALF,#B12028,maroon
Alexander,Albon,ALB,2022,4,Williams,williams,WIL,#1868DB,blue
Nicholas,Latifi,LAT,2022,2,Williams,williams,WIL,#1868DB,blue
Nyck,de Vries,DEV,2022,2,Williams,williams,WIL,#1868DB,blue
Nico,Hulkenberg,HUL,2022,0,Aston Martin,aston_martin,AMR,#358C75,green
Max,Verstappen,VER,2023,575,Red Bull,red_bull,RBR,#3671C6,blue
Sergio,Perez,PER,2023,285,Red Bull,red_bull,RBR,#3671C6,blue
Lewis,Hamilton,HAM,2023,234,Mercedes,mercedes,MER,#27F4D2,teal
Fernando,Alonso,ALO,2023,206,Aston Martin,aston_martin,AMR,#358C75,green
Charles,Leclerc,LEC,2023,206,Ferrari,ferrari,FER,#E8002D,red
Lando,Norris,NOR,2023,205,McLaren,mclaren,MCL,#FF8000,orange
Carlos,Sainz,SAI,2023,200,Ferrari,ferrari,FER,#E8002D,red
George,Russell,RUS,2023,175,Mercedes,mercedes,MER,#27F4D2,teal
Oscar,Piastri,PIA,2023,97,McLaren,mclaren,MCL,#FF8000,orange
Lance,Stroll,STR,2023,74,Aston Martin,aston_martin,AMR,#358C75,green
Pierre,Gasly,GAS,2023,62,Alpine F1 Team,alpine,ALP,#FF87BC,pink
Esteban,Ocon,OCO,2023,58,Alpine F1 Team,alpine,ALP,#FF87BC,pink
Alexander,Albon,ALB,2023,27,Williams,williams,WIL,#1868DB,blue
Yuki,Tsunoda,TSU,2023,17,AlphaTauri,alphatauri,APT,#4E7C9B,navy
Valtteri,Bottas,BOT,2023,10,Alfa Romeo,alfa,ALF,#B12028,maroon
Nico,Hulkenberg,HUL,2023,9,Haas F1 Team,haas,HAS,#B6BABD,grey
Daniel,Ricciardo,RIC,2023,6,AlphaTauri,alphatauri,APT,#4E7C9B,navy
Guanyu,Zhou,ZHO,2023,6,Alfa Romeo,alfa,ALF,#B12028,maroon
Kevin,Magnussen,MAG,2023,3,Haas F1 Team,haas,HAS,#B6BABD,grey
Liam,Lawson,LAW,2023,2,AlphaTauri,alphatauri,APT,#4E7C9B,navy
Logan,Sargeant,SAR,2023,1,Williams,williams,WIL,#1868DB,blue
Nyck,de Vries,DEV,2023,0,AlphaTauri,alphatauri,APT,#4E7C9B,navy
Max,Verstappen,VER,2024,437,Red Bull,red_bull,RBR,#3671C6,blue
Lando,Norris,NOR,2024,374,McLaren,mclaren,MCL,#FF8000,orange
Charles,Leclerc,LEC,2024,356,Ferrari,ferrari,FER,#E8002D,red
Oscar,Piastri,PIA,2024,292,McLaren,mclaren,MCL,#FF8000,orange
Carlos,Sainz,SAI,2024,290,Ferrari,ferrari,FER,#E8002D,red
George,Russell,RUS,2024,245,Mercedes,mercedes,MER,#27F4D2,teal
Lewis,Hamilton,HAM,2024,223,Mercedes,mercedes,MER,#27F4D2,teal
Sergio,Perez,PER,2024,152,Red Bull,red_bull,RBR,#3671C6,blue
Fernando,Alonso,ALO,2024,70,Aston Martin,aston_martin,AMR,#358C75,green
Pierre,Gasly,GAS,2024,42,Alpine F1 Team,alpine,ALP,#FF87BC,pink
Nico,Hulkenberg,HUL,2024,41,Haas F1 Team,haas,HAS,#B6BABD,grey
Yuki,Tsunoda,TSU,2024,30,RB F1 Team,rb,RBR,#3671C6,blue
Lance,Stroll,STR,2024,24,Aston Martin,aston_martin,AMR,#358C75,green
Esteban,Ocon,OCO,2024,23,Alpine F1 Team,alpine,ALP,#FF87BC,pink
Kevin,Magnussen,MAG,2024,16,Haas F1 Team,haas,HAS,#B6BABD,grey
Alexander,Albon,ALB,2024,12,Williams,williams,WIL,#1868DB,blue
Daniel,Ricciardo,RIC,2024,12,RB F1 Team,rb,RBR,#3671C6,blue
Oliver,Bearman,BEA,2024,7,Haas F1 Team,haas,HAS,#B6BABD,grey
Franco,Colapinto,COL,2024,5,Williams,williams,WIL,#1868DB,blue
Guanyu,Zhou,ZHO,2024,4,Sauber,sauber,SAU,#52E252,green
Liam,Lawson,LAW,2024,4,RB F1 Team,rb,RBR,#3671C6,blue
Valtteri,Bottas,BOT,2024,0,Sauber,sauber,SAU,#52E252,green
Logan,Sargeant,SAR,2024,0,Williams,williams,WIL,#1868DB,blue
Jack,Doohan,DOO,2024,0,Alpine F1 Team,alpine,ALP,#FF87BC,pink
Lando,Norris,NOR,2025,423,McLaren,mclaren,MCL,#FF8000,orange
Max,Verstappen,VER,2025,421,Red Bull,red_bull,RBR,#3671C6,blue
Oscar,Piastri,PIA,2025,410,McLaren,mclaren,MCL,#FF8000,orange
George,Russell,RUS,2025,319,Mercedes,mercedes,MER,#27F4D2,teal
Charles,Leclerc,LEC,2025,242,Ferrari,ferrari,FER,#E8002D,red
Lewis,Hamilton,HAM,2025,156,Ferrari,ferrari,FER,#E8002D,red
Andrea Kimi,Antonelli,ANT,2025,150,Mercedes,mercedes,MER,#27F4D2,teal
Alexander,Albon,ALB,2025,73,Williams,williams,WIL,#1868DB,blue
Carlos,Sainz,SAI,2025,64,Williams,williams,WIL,#1868DB,blue
Fernando,Alonso,ALO,2025,56,Aston Martin,aston_martin,AMR,#358C75,green
Nico,Hulkenberg,HUL,2025,51,Sauber,sauber,SAU,#52E252,green
Isack,Hadjar,HAD,2025,51,RB F1 Team,rb,RBR,#3671C6,blue
Oliver,Bearman,BEA,2025,41,Haas F1 Team,haas,HAS,#B6BABD,grey
Liam,Lawson,LAW,2025,38,RB F1 Team,rb,RBR,#3671C6,blue
Esteban,Ocon,OCO,2025,38,Haas F1 Team,haas,HAS,#B6BABD,grey
Lance,Stroll,STR,2025,33,Aston Martin,aston_martin,AMR,#358C75,green
Yuki,Tsunoda,TSU,2025,33,Red Bull,red_bull,RBR,#3671C6,blue
Pierre,Gasly,GAS,2025,22,Alpine F1 Team,alpine,ALP,#FF87BC,pink
Gabriel,Bortoleto,BOR,2025,19,Sauber,sauber,SAU,#52E252,green
Franco,Colapinto,COL,2025,0,Alpine F1 Team,alpine,ALP,#FF87BC,pink
Jack,Doohan,DOO,2025,0,Alpine F1 Team,alpine,ALP,#FF87BC,pink
