last_name,first_name,display_name,goals
Shearer,Alan,Alan Shearer,260
Kane,Harry,Harry Kane,213
Rooney,Wayne,Wayne Rooney,208
Salah Hamed Mahrous Ghaly,Mohamed,Mohamed Salah,191
Cole,Andrew,Andrew Cole,187
Agüero,Sergio,Sergio Agüero,184
Lampard,Frank,Frank Lampard,177
Henry,Thierry,Thierry Henry,175
Fowler,Robbie,Robbie Fowler,163
Defoe,Jermain,Jermain Defoe,162
Owen,Michael,Michael Owen,150
Ferdinand,Les,Les Ferdinand,149
Sheringham,Teddy,Teddy Sheringham,146
Vardy,Jamie,Jamie Vardy,145
van Persie,Robin,Robin van Persie,144
Hasselbaink,Jimmy Floyd,Jimmy Floyd Hasselbaink,127
Son,Heung-Min,Son Heung-Min,127
Keane,Robbie,Robbie Keane,126
Anelka,Nicolas,Nicolas Anelka,125
Sterling,Raheem,Raheem Sterling,123
Yorke,Dwight,Dwight Yorke,123
Lukaku,Romelu,Romelu Lukaku,121
Gerrard,Steven,Steven Gerrard,120
Wright,Ian,Ian Wright,113
Dublin,Dion,Dion Dublin,111
Mané,Sadio,Sadio Mané,111
Heskey,Emile,Emile Heskey,110
Giggs,Ryan,Ryan Giggs,109
Crouch,Peter,Peter Crouch,108
Haaland,Erling,Erling Haaland,107
Scholes,Paul,Paul Scholes,107
Bent,Darren,Darren Bent,106
Drogba,Didier,Didier Drogba,104
dos Santos Aveiro,Cristiano Ronaldo,Cristiano Ronaldo,103
Le Tissier,Matthew,Matthew Le Tissier,100
Adebayor,Emmanuel,Emmanuel Adebayor,97
Aiyegbeni,Yakubu,Yakubu,95
van Nistelrooij,Ruud,Ruud van Nistelrooij,95
Berbatov,Dimitar,Dimitar Berbatov,94
Wilson,Callum,Callum Wilson,93
Phillips,Kevin,Kevin Phillips,92
Viduka,Mark,Mark Viduka,92
Beattie,James,James Beattie,91
Solskjaer,Ole Gunnar,Ole Gunnar Solskjaer,91
Wood,Chris,Chris Wood,91
Giroud,Olivier,Olivier Giroud,90
Rashford,Marcus,Marcus Rashford,89
Davies,Kevin,Kevin Davies,88
Bergkamp,Dennis,Dennis Bergkamp,87
Welbeck,Danny,Danny Welbeck,87
Benteke,Christian,Christian Benteke,86
Hazard,Eden,Eden Hazard,85
Saha,Louis,Louis Saha,85
Torres,Fernando,Fernando Torres,85
Tevez,Carlos,Carlos Tevez,84
Campbell,Kevin,Kevin Campbell,83
Sutton,Chris,Chris Sutton,83
Watkins,Ollie,Ollie Watkins,83
Barbosa de Oliveira,Roberto Firmino,Roberto Firmino,82
Mahrez,Riyad,Riyad Mahrez,82
Bellamy,Craig,Craig Bellamy,81
Speed,Gary,Gary Speed,80
Walcott,Theo,Theo Walcott,80
Cottee,Tony,Tony Cottee,78
de Jesus,Gabriel Fernando,Gabriel Jesus,78
Sturridge,Daniel,Daniel Sturridge,76
Agbonlahor,Gabriel,Gabriel Agbonlahor,74
de Andrade,Richarlison,Richarlison,72
De Bruyne,Kevin,Kevin De Bruyne,72
Ings,Danny,Danny Ings,72
Armstrong,Chris,Chris Armstrong,71
Deane,Brian,Brian Deane,71
Cantona,Eric,Eric Cantona,70
Aubameyang,Pierre-Emerick,Pierre-Emerick Aubameyang,69
Borges Fernandes,Bruno Miguel,Bruno Fernandes,69
Nolan,Kevin,Kevin Nolan,69
Suárez,Luis,Luis Suárez,69
Antonio,Michail,Michail Antonio,68
Ferguson,Duncan,Duncan Ferguson,68
Foden,Phil,Phil Foden,68
Zaha,Wilfried,Wilfried Zaha,68
Calvert-Lewin,Dominic,Dominic Calvert-Lewin,67
Jiménez,Raúl,Raúl Jiménez,67
Sigurdsson,Gylfi,Gylfi Sigurdsson,67
Di Canio,Paolo,Paolo Di Canio,66
Bowen,Jarrod,Jarrod Bowen,64
Hughes,Mark,Mark Hughes,64
Holdsworth,Dean,Dean Holdsworth,63
Martial,Anthony,Anthony Martial,63
Sánchez,Alexis,Alexis Sánchez,63
Teixeira da Silva,Diogo José,Diogo Jota,63
Beckham,David,David Beckham,62
Collymore,Stan,Stan Collymore,62
Pirès,Robert,Robert Pirès,62
Touré,Yaya,Yaya Touré,62
Silva,David,David Silva,60
Quinn,Niall,Niall Quinn,59
Saka,Bukayo,Bukayo Saka,59
Zola,Gianfranco,Gianfranco Zola,59
Beardsley,Peter,Peter Beardsley,58
Bowyer,Lee,Lee Bowyer,57
Dempsey,Clint,Clint Dempsey,57
Kewell,Harry,Harry Kewell,57
Ward-Prowse,James,James Ward-Prowse,57
Cahill,Tim,Tim Cahill,56
Euell,Jason,Jason Euell,56
Gallacher,Kevin,Kevin Gallacher,56
Isak,Alexander,Alexander Isak,56
Long,Shane,Shane Long,56
Maddison,James,James Maddison,56
Milner,James,James Milner,56
Eriksen,Christian,Christian Eriksen,55
Gudjohnsen,Eidur,Eidur Gudjohnsen,55
Hartson,John,John Hartson,55
Barnes,Harvey,Harvey Barnes,54
Carroll,Andy,Andy Carroll,54
Duff,Damien,Damien Duff,54
Kanu,Nwankwo,Kanu,54
Lacazette,Alexandre,Alexandre Lacazette,54
Poyet,Gustavo,Gustavo Poyet,54
Bale,Gareth,Gareth Bale,53
Barmby,Nick,Nick Barmby,53
Barry,Gareth,Gareth Barry,53
Da Silva Costa,Diego,Diego Costa,53
Fletcher,Steven,Steven Fletcher,53
Hernández Balcázar,Javier,Chicharito,53
King,Joshua,Joshua King,53
Cole,Carlton,Carlton Cole,52
Ekoku,Efan,Efan Ekoku,52
Mata,Juan,Juan Mata,52
Sinclair,Trevor,Trevor Sinclair,52
Vassell,Darius,Darius Vassell,52
Alli,Dele,Dele Alli,51
Johnson,Andrew,Andrew Johnson,51
Kuijt,Dirk,Dirk Kuijt,51
Mbeumo,Bryan,Bryan Mbeumo,51
Trossard,Leandro,Leandro Trossard,51
Bright,Mark,Mark Bright,50
Dzeko,Edin,Edin Dzeko,50
Fàbregas,Cesc,Cesc Fàbregas,50
Murphy,Danny,Danny Murphy,50
Wanchope,Paulo,Paulo Wanchope,50
Young,Ashley,Ashley Young,50
McAllister,Gary,Gary McAllister,49
Solano,Nolberto,Nolberto Solano,49
Ljungberg,Freddie,Freddie Ljungberg,48
Rush,Ian,Ian Rush,48
Borges da Silva,Willian,Willian,47
Coutinho Correia,Philippe,Philippe Coutinho,47
Deeney,Troy,Troy Deeney,47
Noble,Mark,Mark Noble,47
Zamora,Bobby,Bobby Zamora,47
Cole,Joe,Joe Cole,46
Mateta,Jean-Philippe,Jean-Philippe Mateta,46
Merson,Paul,Paul Merson,46
Palmer,Cole,Cole Palmer,46
Rodriguez,Jay,Jay Rodriguez,46
Wissa,Yoane,Yoane Wissa,46
Earle,Robbie,Robbie Earle,45
Gündogan,Ilkay,Ilkay Gündogan,45
Pérez,Ayoze,Ayoze Pérez,45
Saunders,Dean,Dean Saunders,45
Smith,Alan,Alan Smith,45
Stuart,Graham,Graham Stuart,45
Wallace,Rod,Rod Wallace,45
Ángel,Juan Pablo,Juan Pablo Ángel,44
Mota Veiga de Carvalho e Silva,Bernardo,Bernardo Silva,44
Osman,Leon,Leon Osman,44
Whelan,Noel,Noel Whelan,44
Ameobi,Foluwashola,Shola Ameobi,43
Arnautovic,Marko,Marko Arnautovic,43
Ba,Demba,Demba Ba,43
Hirst,David,David Hirst,43
Kanoute,Frederic,Frederic Kanoute,43
Walters,Jonathan,Jonathan Walters,43
Ayew,Jordan,Jordan Ayew,42
Barnes,Ashley,Ashley Barnes,42
Iheanacho,Kelechi,Kelechi Iheanacho,42
Ince,Paul,Paul Ince,42
Joachim,Julian,Julian Joachim,42
Kanchelskis,Andrei,Andrei Kanchelskis,42
Pahars,Marian,Marian Pahars,42
Arteta,Mikel,Mikel Arteta,41
Havertz,Kai,Kai Havertz,41
Martinelli Silva,Gabriel Teodoro,Gabriel Martinelli,41
McManaman,Steve,Steve McManaman,41
Solanke,Dominic,Dominic Solanke,41
Terry,John,John Terry,41
Bent,Marcus,Marcus Bent,40
Eze,Eberechi,Eberechi Eze,40
Iversen,Steffen,Steffen Iversen,40
Jones,Kenwyne,Kenwyne Jones,40
Ramsey,Aaron,Aaron Ramsey,40
Soucek,Tomás,Tomás Soucek,40
Taylor,Matthew,Matthew Taylor,40
Keane,Roy,Roy Keane,39
Malbranque,Steed,Steed Malbranque,39
Barkley,Ross,Ross Barkley,38
Berger,Patrik,Patrik Berger,38
Carew,John,John Carew,38
Flo,Tore Andre,Tore Andre Flo,38
Huckerby,Darren,Darren Huckerby,38
Mitrovic,Aleksandar,Aleksandar Mitrovic,38
Sturridge,Dean,Dean Sturridge,38
Unsworth,David,David Unsworth,38
Anderton,Darren,Darren Anderton,37
Cissé,Papiss,Papiss Cissé,37
Downing,Stewart,Stewart Downing,37
Doyle,Kevin,Kevin Doyle,37
Dunn,David,David Dunn,37
Fellaini,Marouane,Marouane Fellaini,37
Hutchison,Don,Don Hutchison,37
McCarthy,Benedict,Benni McCarthy,37
Murray,Glenn,Glenn Murray,37
Sherwood,Tim,Tim Sherwood,37
Dickov,Paul,Paul Dickov,36
Doucouré,Abdoulaye,Abdoulaye Doucouré,36
Fox,Ruel,Ruel Fox,36
Junqueira de Jesus,João Pedro,João Pedro,36
Kalou,Salomon,Salomon Kalou,36
Lennon,Aaron,Aaron Lennon,36
McBride,Brian,Brian McBride,36
Nasri,Samir,Samir Nasri,36
Odemwingie,Peter,Peter Odemwingie,36
Roberts,Jason,Jason Roberts,36
Rondón,Salomón,Salomón Rondón,36
Spencer,John,John Spencer,36
Toney,Ivan,Ivan Toney,36
Bony,Wilfried,Wilfried Bony,35
Carbone,Benito,Benito Carbone,35
Iwobi,Alex,Alex Iwobi,35
Malouda,Florent,Florent Malouda,35
Radzinski,Tomasz,Tomasz Radzinski,35
Santos Carneiro da Cunha,Matheus,Matheus Cunha,35
Semenyo,Antoine,Antoine Semenyo,35
Ødegaard,Martin,Martin Ødegaard,35
Austin,Charlie,Charlie Austin,34
Forssell,Mikael,Mikael Forssell,34
Gayle,Marcus,Marcus Gayle,34
Henderson,Jordan,Jordan Henderson,34
Izzet,Muzzy,Muzzy Izzet,34
Lee,Robert,Robert Lee,34
Ndlovu,Peter,Peter Ndlovu,34
Pedersen,Morten,Morten Pedersen,34
Wise,Dennis,Dennis Wise,34
Adam,Charlie,Charlie Adam,33
Dowie,Iain,Iain Dowie,33
Jerome,Cameron,Cameron Jerome,33
Lallana,Adam,Adam Lallana,33
Marshall,Ian,Ian Marshall,33
Maupay,Neal,Neal Maupay,33
Özil,Mesut,Mesut Özil,33
Redknapp,Jamie,Jamie Redknapp,33
Ward,Ashley,Ashley Ward,33
Baines,Leighton,Leighton Baines,32
Bendtner,Nicklas,Nicklas Bendtner,32
Cissé,Djibril,Djibril Cissé,32
Jenas,Jermaine,Jermaine Jenas,32
Johnson,Adam,Adam Johnson,32
Morrison,James,James Morrison,32
Mount,Mason,Mason Mount,32
Wright-Phillips,Shaun,Shaun Wright-Phillips,32
Benayoun,Yossi,Yossi Benayoun,31
Camara,Henri,Henri Camara,31
Gakpo,Cody,Cody Gakpo,31
Gardner,Craig,Craig Gardner,31
Groß,Pascal,Pascal Groß,31
Lambert,Rickie,Rickie Lambert,31
Ricard,Hamilton,Hamilton Ricard,31
Vieira,Patrick,Patrick Vieira,31
Wilcox,Jason,Jason Wilcox,31
Wiltord,Sylvain,Sylvain Wiltord,31
Guimarães Rodriguez Moura,Bruno,Bruno Guimarães,30
Leonhardsen,Oyvind,Oyvind Leonhardsen,30
Boa Morte Pereira,Luís,Luís Boa Morte,29
Butt,Nicky,Nicky Butt,29
Christie,Malcolm,Malcolm Christie,29
Díaz,Luis,Luis Díaz,29
Giroldo Júnior,Osvaldo,Juninho Paulista,29
Gordon,Anthony,Anthony Gordon,29
Grealish,Jack,Jack Grealish,29
Jelavic,Nikica,Nikica Jelavic,29
Klinsmann,Jürgen,Jürgen Klinsmann,29
Lingard,Jesse,Jesse Lingard,29
Milosevic,Savo,Savo Milosevic,29
Mirallas,Kevin,Kevin Mirallas,29
Ostenstad,Egil,Egil Ostenstad,29
Pogba,Paul,Paul Pogba,29
Rideout,Paul,Paul Rideout,29
Rodallega,Hugo,Hugo Rodallega,29
Rodríguez Ledesma,Pedro,Pedro,29
Rösler,Uwe,Uwe Rösler,29
Taylor,Ian,Ian Taylor,29
Barnes,John,John Barnes,28
Baros,Milan,Milan Baros,28
Cahill,Gary,Gary Cahill,28
Cort,Carl,Carl Cort,28
Diouf,El Hadji,El Hadji Diouf,28
Harewood,Marlon,Marlon Harewood,28
Harte,Ian,Ian Harte,28
Helguson,Heidar,Heidar Helguson,28
Kitson,Paul,Paul Kitson,28
Mac Allister,Alexis,Alexis Mac Allister,28
Martins,Obafemi,Obafemi Martins,28
Milivojevic,Luka,Luka Milivojevic,28
N'Zogbia,Charles,Charles N'Zogbia,28
Redmond,Nathan,Nathan Redmond,28
Rémy,Loïc,Loïc Rémy,28
van Dijk,Virgil,Virgil van Dijk,28
Wilson,Harry,Harry Wilson,28
Abraham,Tammy,Tammy Abraham,27
Davies,Simon,Simon Davies,27
Diouf,Mame,Mame Diouf,27
Hendrie,Lee,Lee Hendrie,27
Johansson,Jonatan,Jonatan Johansson,27
Lanzini,Manuel,Manuel Lanzini,27
Moreno Machado,Rodrigo,Rodrigo,27
Shipperley,Neil,Neil Shipperley,27
Whittingham,Guy,Guy Whittingham,27
Wijnaldum,Georginio,Georginio Wijnaldum,27
Almeida da Cunha,Luís Carlos,Nani,26
Alonso,Marcos,Marcos Alonso,26
Anichebe,Victor,Victor Anichebe,26
Barton,Joey,Joey Barton,26
Cabaye,Yohan,Yohan Cabaye,26
Gayle,Dwight,Dwight Gayle,26
Gibbs-White,Morgan,Morgan Gibbs-White,26
Johnson,Brennan,Brennan Johnson,26
Larsson,Sebastian,Sebastian Larsson,26
Mwaruwari,Benjamin,Benjani,26
Santa Cruz,Roque,Roque Santa Cruz,26
Snodgrass,Robert,Robert Snodgrass,26
Stanislas,Junior,Junior Stanislas,26
Stewart,William Marcus,Marcus Stewart,26
Tielemans,Youri,Youri Tielemans,26
Townsend,Andros,Andros Townsend,26
Watson,Steve,Steve Watson,26
White,David,David White,26
Adams,Ché,Ché Adams,25
Booth,Andy,Andy Booth,25
Cazorla,Santi,Santi Cazorla,25
Fjørtoft,Jan Åge,Jan Åge Fjørtoft,25
Gallas,William,William Gallas,25
Harrison,Jack,Jack Harrison,25
Jeffers,Francis,Francis Jeffers,25
Núñez,Darwin,Darwin Núñez,25
Overmars,Marc,Marc Overmars,25
Quinn,Mick,Mick Quinn,25
Ravanelli,Fabrizio,Fabrizio Ravanelli,25
Rice,Declan,Declan Rice,25
Robins,Mark,Mark Robins,25
Sané,Leroy,Leroy Sané,25
Sarr,Ismaïla,Ismaïla Sarr,25
Sessègnon,Stéphane,Stéphane Sessègnon,25
Stone,Steve,Steve Stone,25
Apolinário de Lira,Joelinton Cássio,Joelinton,24
Bamford,Patrick,Patrick Bamford,24
Bartlett,Shaun,Shaun Bartlett,24
Brunt,Chris,Chris Brunt,24
Carrick,Michael,Michael Carrick,24
Dicks,Julian,Julian Dicks,24
Flitcroft,Garry,Garry Flitcroft,24
Holt,Grant,Grant Holt,24
Hwang,Hee-Chan,Hwang Hee-Chan,24
Jackson,Nicolas,Nicolas Jackson,24
Lua Lua Lomana,Tresor,Lomana Lua Lua,24
Nketiah,Eddie,Eddie Nketiah,24
Parker,Scott,Scott Parker,24
Puncheon,Jason,Jason Puncheon,24
Richardson,Kieran,Kieran Richardson,24
Roy,Bryan,Bryan Roy,24
Valencia,Antonio,Antonio Valencia,24
van der Vaart,Rafael,Rafael van der Vaart,24
Yeboah,Anthony,Anthony Yeboah,24
Almirón,Miguel,Miguel Almirón,23
Arshavin,Andrey,Andrey Arshavin,23
Berahino,Saido,Saido Berahino,23
Blake,Nathan,Nathan Blake,23
Chapman,Lee,Lee Chapman,23
Delap,Rory,Rory Delap,23
Dyer,Kieron,Kieron Dyer,23
Fletcher,Darren,Darren Fletcher,23
Gray,Andre,Andre Gray,23
Hernández Cascante,Rodrigo,Rodri,23
Lescott,Joleon,Joleon Lescott,23
McArthur,James,James McArthur,23
Nemeth,Szilard,Szilard Nemeth,23
Pellè,Graziano,Graziano Pellè,23
Petrescu,Dan,Dan Petrescu,23
Robert,Laurent,Laurent Robert,23
Shelvey,Jonjo,Jonjo Shelvey,23
Watson,Gordon,Gordon Watson,23
Ashton,Dean,Dean Ashton,22
Atkinson,Dalian,Dalian Atkinson,22
Bart-Williams,Chris,Chris Bart-Williams,22
Boksic,Alen,Alen Boksic,22
Bridges,Michael,Michael Bridges,22
Burton,Deon,Deon Burton,22
Coleman,Séamus,Séamus Coleman,22
Elliott,Matt,Matt Elliott,22
Greenwood,Mason,Mason Greenwood,22
Hyypiä,Sami,Sami Hyypiä,22
Ivanovic,Branislav,Branislav Ivanovic,22
Koscielny,Laurent,Laurent Koscielny,22
Kulusevski,Dejan,Dejan Kulusevski,22
Mido,Ahmed Hossam,Mido,22
Mitoma,Kaoru,Kaoru Mitoma,22
Murphy,Jacob,Jacob Murphy,22
Newell,Mike,Mike Newell,22
Origi,Divock,Divock Origi,22
Pedersen,Henrik,Henrik Pedersen,22
Pukki,Teemu,Teemu Pukki,22
Schlupp,Jeffrey,Jeffrey Schlupp,22
Shaqiri,Xherdan,Xherdan Shaqiri,22
Sharpe,Lee,Lee Sharpe,22
Ayew,André,André Ayew,21
Balotelli,Mario,Mario Balotelli,21
Chadli,Nacer,Nacer Chadli,21
da Silva Neves,Rúben Diogo,Rúben Neves,21
Dawson,Craig,Craig Dawson,21
De Cordova-Reid,Bobby,Bobby De Cordova-Reid,21
dos Santos Emboaba Junior,Oscar,Oscar,21
Etherington,Matthew,Matthew Etherington,21
Frello Filho,Jorge Luiz,Jorginho,21
Ginola,David,David Ginola,21
Hunt,Stephen,Stephen Hunt,21
Huth,Robert,Robert Huth,21
Kiwomya,Chris,Chris Kiwomya,21
Kluivert,Justin,Justin Kluivert,21
McNeil,Dwight,Dwight McNeil,21
Ricketts,Michael,Michael Ricketts,21
Riise,John Arne,John Arne Riise,21
Scharner,Paul,Paul Scharner,21
Sidwell,Steve,Steve Sidwell,21
Smith Rowe,Emile,Emile Smith Rowe,21
Soares de Paulo,Douglas Luiz,Douglas Luiz,21
Stein,Mark,Mark Stein,21
Vialli,Gianluca,Gianluca Vialli,21
Albrighton,Marc,Marc Albrighton,20
Allen,Bradley,Bradley Allen,20
Alvarez,Julián,Julián Alvarez,20
Campbell,Sol,Sol Campbell,20
Clough,Nigel,Nigel Clough,20
Crespo,Hernán,Hernán Crespo,20
Deulofeu,Gerard,Gerard Deulofeu,20
dos Santos Magalhães,Gabriel,Gabriel Magalhães,20
Dozzell,Jason,Jason Dozzell,20
Fashanu,John,John Fashanu,20
Giannakopoulos,Stelios,Stelios Giannakopoulos,20
Hudson-Odoi,Callum,Callum Hudson-Odoi,20
Jarvis,Matthew,Matthew Jarvis,20
Jensen,Claus,Claus Jensen,20
John,Collins,Collins John,20
Klasnic,Ivan,Ivan Klasnic,20
Kranjcar,Niko,Niko Kranjcar,20
Lomba Neto,Pedro,Pedro Neto,20
McFadden,James,James McFadden,20
McGinn,John,John McGinn,20
Moore,Luke,Luke Moore,20
Moses,Victor,Victor Moses,20
Oxlade-Chamberlain,Alex,Alex Oxlade-Chamberlain,20
Parlour,Ray,Ray Parlour,20
Pavlyuchenko,Roman,Roman Pavlyuchenko,20
Pearce,Stuart,Stuart Pearce,20
Perez Cuesta,Miguel,Michu,20
Pienaar,Steven,Steven Pienaar,20
Pulisic,Christian,Christian Pulisic,20
Rodrigues Moura da Silva,Lucas,Lucas Moura,20
Rosa,Fernando Luiz,Fernandinho,20
Sanli,Tuncay,Tuncay Sanli,20
Savage,Robbie,Robbie Savage,20
Schade,Kevin,Kevin Schade,20
Tadic,Dusan,Dusan Tadic,20
van Aanholt,Patrick,Patrick van Aanholt,20
Dichio,Danny,Danny Dichio,19
Djorkaeff,Youri,Youri Djorkaeff,19
Ehiogu,Ugo,Ugo Ehiogu,19
Elmander,Johan,Johan Elmander,19
Fuller,Ricardo,Ricardo Fuller,19
Gray,Demarai,Demarai Gray,19
Harford,Mick,Mick Harford,19
Hignett,Craig,Craig Hignett,19
Ireland,Stephen,Stephen Ireland,19
Jansen,Matt,Matt Jansen,19
Keane,Michael,Michael Keane,19
McTominay,Scott,Scott McTominay,19
Naismith,Steven,Steven Naismith,19
Park,Ji-Sung,Park Ji-Sung,19
Parker,Garry,Garry Parker,19
Podolski,Lukas,Lukas Podolski,19
Rogers,Morgan,Morgan Rogers,19
Rosicky,Tomas,Tomas Rosicky,19
Ulloa,Leonardo,Leonardo Ulloa,19
Wickham,Connor,Connor Wickham,19
Zenden,Boudewijn,Boudewijn Zenden,19
Aké,Nathan,Nathan Aké,18
Alexander-Arnold,Trent,Trent Alexander-Arnold,18
Awoniyi,Taiwo,Taiwo Awoniyi,18
Bentley,David,David Bentley,18
Campbell,Fraizer,Fraizer Campbell,18
Diamé,Mohamed,Mohamed Diamé,18
Dyer,Nathan,Nathan Dyer,18
Édouard,Odsonne,Odsonne Édouard,18
Fraser,Ryan,Ryan Fraser,18
Gallagher,Conor,Conor Gallagher,18
Gallen,Kevin,Kevin Gallen,18
Garcia,Luis,Luis Garcia,18
Gosling,Dan,Dan Gosling,18
Graham,Daniel,Danny Graham,18
Haaland,Alf Inge,Alf Inge Haaland,18
Irwin,Denis,Denis Irwin,18
Jagielka,Phil,Phil Jagielka,18
Kompany,Vincent,Vincent Kompany,18
Maccarone,Massimo,Massimo Maccarone,18
McClair,Brian,Brian McClair,18
Muniz Carvalho,Rodrigo,Rodrigo Muniz,18
Nascimento Rodrigues,Igor Thiago,Igor Thiago,18
Negredo,Álvaro,Álvaro Negredo,18
Sakho,Diafra,Diafra Sakho,18
Schär,Fabian,Fabian Schär,18
Sheron,Mike,Mike Sheron,18
Sibierski,Antoine,Antoine Sibierski,18
Strand Larsen,Jørgen,Jørgen Strand Larsen,18
Xhaka,Granit,Granit Xhaka,18
Aparecido da Silva,Gilberto,Gilberto Silva,17
Babel,Ryan,Ryan Babel,17
Ballack,Michael,Michael Ballack,17
Beagrie,Peter,Peter Beagrie,17
Berkovic,Eyal,Eyal Berkovic,17
Boateng,George,George Boateng,17
Davis,Steven,Steven Davis,17
Dias Belloli,Raphael,Raphinha,17
Essien,Michael,Michael Essien,17
Fernández,Enzo,Enzo Fernández,17
Garnacho,Alejandro,Alejandro Garnacho,17
Gera,Zoltán,Zoltán Gera,17
Gillespie,Keith,Keith Gillespie,17
Holland,Matt,Matt Holland,17
Ibrahimovic,Zlatan,Zlatan Ibrahimovic,17
Kamara,Diomansy,Diomansy Kamara,17
Koné,Arouna,Arouna Koné,17
Lamela,Érik,Érik Lamela,17
Leboeuf,Frank,Frank Leboeuf,17
Llorente,Fernando,Fernando Llorente,17
Maddison,Neil,Neil Maddison,17
Peacock,Gavin,Gavin Peacock,17
Pembridge,Mark,Mark Pembridge,17
Penrice,Gary,Gary Penrice,17
Santos do Nascimento,Ramires,Ramires,17
Schürrle,André,André Schürrle,17
Southgate,Gareth,Gareth Southgate,17
Vokes,Sam,Sam Vokes,17
Weimann,Andreas,Andreas Weimann,17
Windass,Dean,Dean Windass,17
Woan,Ian,Ian Woan,17
Allen,Joe,Joe Allen,16
Armstrong,Stuart,Stuart Armstrong,16
Baiano,Francesco,Francesco Baiano,16
Bailey,Leon,Leon Bailey,16
Borini,Fabio,Fabio Borini,16
Carsley,Lee,Lee Carsley,16
Dann,Scott,Scott Dann,16
de Lima Barbosa,Francisco Evanilson,Evanilson,16
Dunk,Lewis,Lewis Dunk,16
Fer,Leroy,Leroy Fer,16
Fornals,Pablo,Pablo Fornals,16
Hoilett,Junior,Junior Hoilett,16
Ighalo,Odion,Odion Ighalo,16
Job,Joseph-Desire,Joseph-Desire Job,16
Kachloul,Hassan,Hassan Kachloul,16
Morata,Álvaro,Álvaro Morata,16
O'Neil,Gary,Gary O'Neil,16
Pépé,Nicolas,Nicolas Pépé,16
Pereyra,Roberto,Roberto Pereyra,16
Petrov,Martin,Martin Petrov,16
Ramsey,Jacob,Jacob Ramsey,16
Reyes,José Antonio,José Antonio Reyes,16
Ridgewell,Liam,Liam Ridgewell,16
Routledge,Wayne,Wayne Routledge,16
Ruddock,Neil,Neil Ruddock,16
Samba,Christopher,Christopher Samba,16
Sharp,Graeme,Graeme Sharp,16
Sinton,Andy,Andy Sinton,16
Sissoko,Moussa,Moussa Sissoko,16
Skrtel,Martin,Martin Skrtel,16
Tavernier,Marcus,Marcus Tavernier,16
Tolentino Coelho de Lima,Lucas,Lucas Paquetá,16
Walsh,Paul,Paul Walsh,16
Barker,Simon,Simon Barker,15
Batshuayi,Michy,Michy Batshuayi,15
Benrahma,Saïd,Saïd Benrahma,15
Buendía,Emiliano,Emiliano Buendía,15
Bullard,Jimmy,Jimmy Bullard,15
Chamakh,Marouane,Marouane Chamakh,15
Clark,Ciaran,Ciaran Clark,15
Cole,Ashley,Ashley Cole,15
Di Matteo,Roberto,Roberto Di Matteo,15
El Ghazi,Anwar,Anwar El Ghazi,15
Gomes Betuncal,Norberto Bercique,Beto,15
Hughes,Michael,Michael Hughes,15
Johnson,Glen,Glen Johnson,15
Ki,Sung-Yueng,Ki Sung-Yueng,15
Kilbane,Kevin,Kevin Kilbane,15
Kitson,Dave,Dave Kitson,15
Kouyaté,Cheikhou,Cheikhou Kouyaté,15
Kudus,Mohammed,Mohammed Kudus,15
Madueke,Noni,Noni Madueke,15
Magilton,Jim,Jim Magilton,15
Maguire,Harry,Harry Maguire,15
Maloney,Shaun,Shaun Maloney,15
McAuley,Gareth,Gareth McAuley,15
Morrison,Clinton,Clinton Morrison,15
Oakley,Matt,Matt Oakley,15
Palmer,Carlton,Carlton Palmer,15
Robben,Arjen,Arjen Robben,15
Rodríguez,Maximiliano,Maxi Rodríguez,15
Strupar,Branko,Branko Strupar,15
Thompson,David,David Thompson,15
Vidic,Nemanja,Nemanja Vidic,15
Wetherall,David,David Wetherall,15
Willock,Joe,Joe Willock,15
Zouma,Kurt,Kurt Zouma,15
Abou Diaby,Vassiriki,Abou Diaby,14
Alonso Olano,Xabier,Xabi Alonso,14
Bohinen,Lars,Lars Bohinen,14
Burley,Craig,Craig Burley,14
Campbell,Dudley,DJ Campbell,14
Cleverley,Tom,Tom Cleverley,14
de Souza,Robson,Robinho,14
Di Santo,Franco,Franco Di Santo,14
Doherty,Matt,Matt Doherty,14
Elanga,Anthony,Anthony Elanga,14
Evans,Jonny,Jonny Evans,14
Gómez,Geovanni Deiberson Maurício,Geovanni,14
Gómez García-Penche,Jordi,Jordi Gómez,14
Hadji,Mustapha,Mustapha Hadji,14
Hreidarsson,Hermann,Hermann Hreidarsson,14
Højlund,Rasmus,Rasmus Højlund,14
Krkíc Pérez,Bojan,Bojan,14
Lisbie,Kevin,Kevin Lisbie,14
Lomas,Steve,Steve Lomas,14
March,Solly,Solly March,14
Mee,Ben,Ben Mee,14
Moreira Marinho,David Luiz,David Luiz,14
Ndiaye,Iliman,Iliman Ndiaye,14
Nugent,David,David Nugent,14
Okazaki,Shinji,Shinji Okazaki,14
Okocha,Jay Jay,Jay Jay Okocha,14
Olise,Michael,Michael Olise,14
Ouattara,Dango,Dango Ouattara,14
Pennant,Jermaine,Jermaine Pennant,14
Pilkington,Anthony,Anthony Pilkington,14
Ralph Blumer,Elano,Elano,14
Redfearn,Neil,Neil Redfearn,14
Ripley,Stuart,Stuart Ripley,14
Robson-Kanu,Hal,Hal Robson-Kanu,14
Scowcroft,James,James Scowcroft,14
Shawcross,Ryan,Ryan Shawcross,14
Stead,Jon,Jon Stead,14
Thompson,Alan,Alan Thompson,14
Tomkins,James,James Tomkins,14
Traoré,Adama,Adama Traoré,14
Ziege,Christian,Christian Ziege,14
Armstrong,Alun,Alun Armstrong,13
Ben Arfa,Hatem,Hatem Ben Arfa,13
Cadamarteri,Danny,Danny Cadamarteri,13
Campo,Ivan,Ivan Campo,13
Chilwell,Ben,Ben Chilwell,13
Clark,Lee,Lee Clark,13
Cooper,Colin,Colin Cooper,13
Delap,Liam,Liam Delap,13
Draper,Mark,Mark Draper,13
Earnshaw,Robert,Robert Earnshaw,13
Emerton,Brett,Brett Emerton,13
Fenton,Graham,Graham Fenton,13
Ferguson,Evan,Evan Ferguson,13
Furlong,Paul,Paul Furlong,13
Goater,Shaun,Shaun Goater,13
Gomis,Bafétimbi,Bafétimbi Gomis,13
Hayles,Barry,Barry Hayles,13
Johnson,Tommy,Tommy Johnson,13
Jones,Vinnie,Vinnie Jones,13
McBurnie,Oliver,Oliver McBurnie,13
McCarthy,James,James McCarthy,13
Mkhitaryan,Henrikh,Henrikh Mkhitaryan,13
Modric,Luka,Luka Modric,13
Morley,Trevor,Trevor Morley,13
O'Shea,John,John O'Shea,13
Olney,Ian,Ian Olney,13
Platt,David,David Platt,13
Schneiderlin,Morgan,Morgan Schneiderlin,13
Sedgley,Steve,Steve Sedgley,13
Sinclair,Scott,Scott Sinclair,13
Staunton,Steve,Steve Staunton,13
Szoboszlai,Dominik,Dominik Szoboszlai,13
Townsend,Andy,Andy Townsend,13
Vermaelen,Thomas,Thomas Vermaelen,13
Warhurst,Paul,Paul Warhurst,13
Wark,John,John Wark,13
Wegerle,Roy,Roy Wegerle,13
Wilkinson,Paul,Paul Wilkinson,13
Adams,Neil,Neil Adams,12
Adams,Tony,Tony Adams,12
Alexandersson,Niclas,Niclas Alexandersson,12
Ardley,Neal,Neal Ardley,12
Atkins,Mark,Mark Atkins,12
Beck,Mikkel,Mikkel Beck,12
Billing,Philip,Philip Billing,12
Brooks,David,David Brooks,12
Casimiro,Carlos Henrique,Casemiro,12
Castelo Podence,Daniel,Daniel Podence,12
Cavani,Edinson,Edinson Cavani,12
Dembélé,Mousa,Mousa Dembélé,12
Dennis,Emmanuel,Emmanuel Dennis,12
Dier,Eric,Eric Dier,12
Durán,Jhon,Jhon Durán,12
Eto'o,Samuel,Samuel Eto'o,12
Hamann,Dietmar,Dietmar Hamann,12
Hendrick,Jeff,Jeff Hendrick,12
Herrera,Ander,Ander Herrera,12
Hoolahan,Wes,Wes Hoolahan,12
Horsfield,Geoff,Geoff Horsfield,12
Howey,Steve,Steve Howey,12
Huddlestone,Tom,Tom Huddlestone,12
Højbjerg,Pierre-Emile,Pierre-Emile Højbjerg,12
Impey,Andy,Andy Impey,12
James,Daniel,Daniel James,12
Kaboul,Younes,Younes Kaboul,12
Kanté,N'Golo,N'Golo Kanté,12
King,Marlon,Marlon King,12
Le Fondre,Adam,Adam Le Fondre,12
Le Saux,Graeme,Graeme Le Saux,12
Lee,Jason,Jason Lee,12
McCann,Gavin,Gavin McCann,12
Merino,Mikel,Mikel Merino,12
Mulumbu,Youssouf,Youssouf Mulumbu,12
N'Gog,David,David N'Gog,12
Niasse,Oumar,Oumar Niasse,12
Nielsen,Allan,Allan Nielsen,12
Nijtap Fotso,Geremi Sorele,Geremi,12
Ormerod,Brett,Brett Ormerod,12
Phillips,Matt,Matt Phillips,12
Queudrue,Franck,Franck Queudrue,12
Rae,Alex,Alex Rae,12
Ritchie,Matt,Matt Ritchie,12
Saint-Maximin,Allan,Allan Saint-Maximin,12
Sancho,Jadon,Jadon Sancho,12
Smalling,Chris,Chris Smalling,12
Taylor,Steven,Steven Taylor,12
Tessem,Jo,Jo Tessem,12
Touré,Kolo,Kolo Touré,12
Traoré,Bertrand,Bertrand Traoré,12
Watson,Ben,Ben Watson,12
Werner,Timo,Timo Werner,12
Westwood,Ashley,Ashley Westwood,12
Akinbiyi,Ade,Ade Akinbiyi,11
Ambrose,Darren,Darren Ambrose,11
Blake,Robbie,Robbie Blake,11
Bolasie,Yannick,Yannick Bolasie,11
Boyce,Emmerson,Emmerson Boyce,11
Bruce,Steve,Steve Bruce,11
Claridge,Steve,Steve Claridge,11
Clarke,Andy,Andy Clarke,11
Collins,James,James Collins,11
Costa Pereira,Matheus Fellipe,Matheus Pereira,11
Davies,Ben,Ben Davies,11
Dawson,Michael,Michael Dawson,11
Diallo,Amad,Amad Diallo,11
Dunne,Richard,Richard Dunne,11
Ekitiké,Hugo,Hugo Ekitiké,11
Ferdinand,Rio,Rio Ferdinand,11
Fortuné,Marc-Antoine,Marc-Antoine Fortuné,11
Francis,Damien,Damien Francis,11
Goodman,Jon,Jon Goodman,11
Gouffran,Yoan,Yoan Gouffran,11
Gravesen,Thomas,Thomas Gravesen,11
Gvardiol,Josko,Josko Gvardiol,11
Hendrie,John,John Hendrie,11
Hinchcliffe,Andy,Andy Hinchcliffe,11
Hoelgebaum Pereira,Andreas Hugo,Andreas Pereira,11
Hyde,Graham,Graham Hyde,11
Kolarov,Aleksandar,Aleksandar Kolarov,11
Kovacic,Mateo,Mateo Kovacic,11
Littlejohn,Adrian,Adrian Littlejohn,11
Longstaff,Sean,Sean Longstaff,11
Lookman,Ademola,Ademola Lookman,11
Marlet,Steve,Steve Marlet,11
McClean,James,James McClean,11
Morris,Carlton,Carlton Morris,11
Nzonzi,Steven,Steven Nzonzi,11
Nørgaard,Christian,Christian Nørgaard,11
Payet,Dimitri,Dimitri Payet,11
Pearce,Ian,Ian Pearce,11
Petit,Emmanuel,Emmanuel Petit,11
Piquionne,Frédéric,Frédéric Piquionne,11
Pogrebnyak,Pavel,Pavel Pogrebnyak,11
Riedle,Karl-Heinz,Karl-Heinz Riedle,11
Robertson,Andy,Andy Robertson,11
Romero,Cristian,Cristian Romero,11
Stones,John,John Stones,11
Stubbs,Alan,Alan Stubbs,11
Tarkowski,James,James Tarkowski,11
Thomas,Jerome,Jerome Thomas,11
Valencia,Enner,Enner Valencia,11
Vydra,Matej,Matej Vydra,11
Waddle,Chris,Chris Waddle,11
Walters,Mark,Mark Walters,11
Williams,John,John Williams,11
Adebayo,Elijah,Elijah Adebayo,10
Afobe,Benik,Benik Afobe,10
Allen,Martin,Martin Allen,10
Aloisi,John,John Aloisi,10
Alves,Afonso,Afonso Alves,10
Amokachi,Daniel,Daniel Amokachi,10
Azpilicueta,César,César Azpilicueta,10
Barlow,Stuart,Stuart Barlow,10
Barton,Warren,Warren Barton,10
Beckford,Darren,Darren Beckford,10
Best,Leon,Leon Best,10
Brady,Robert,Robert Brady,10
Bramble,Titus,Titus Bramble,10
Can,Emre,Emre Can,10
Capoue,Étienne,Étienne Capoue,10
Cash,Matty,Matty Cash,10
Chalobah,Trevoh,Trevoh Chalobah,10
Cook,Steve,Steve Cook,10
Cornet,Maxwel,Maxwel Cornet,10
Cresswell,Aaron,Aaron Cresswell,10
Dabizas,Nikolaos,Nikolaos Dabizas,10
Daka,Patson,Patson Daka,10
Davis,Sean,Sean Davis,10
De Bilde,Gilles,Gilles De Bilde,10
Dendoncker,Leander,Leander Dendoncker,10
Derbyshire,Matt,Matt Derbyshire,10
Diagne-Faye,Abdoulaye,Abdoulaye Diagne-Faye,10
Ebanks-Blake,Sylvan,Sylvan Ebanks-Blake,10
Elliott,Robbie,Robbie Elliott,10
Flamini,Mathieu,Mathieu Flamini,10
Foe,Marc Vivien,Marc Vivien Foe,10
Forlán,Diego,Diego Forlán,10
Freedman,Dougie,Dougie Freedman,10
Gabbiadini,Manolo,Manolo Gabbiadini,10
Gardner,Ricardo,Ricardo Gardner,10
Gudmundsson,Jóhann,Jóhann Gudmundsson,10
Gyan,Asamoah,Asamoah Gyan,10
Gyökeres,Viktor,Viktor Gyökeres,10
Halle,Gunnar,Gunnar Halle,10
Haller,Sébastien,Sébastien Haller,10
Hangeland,Brede,Brede Hangeland,10
Hitzlsperger,Thomas,Thomas Hitzlsperger,10
Hughes,Bryan,Bryan Hughes,10
Hunt,Andy,Andy Hunt,10
James,Reece,Reece James,10
Janelt,Vitaly,Vitaly Janelt,10
Jensen,Mathias,Mathias Jensen,10
John,Stern,Stern John,10
Jones,Curtis,Curtis Jones,10
Kerimoglou,Tugay,Tugay,10
King,Ledley,Ledley King,10
Lascelles,Jamaal,Jamaal Lascelles,10
Lita,Leroy,Leroy Lita,10
Lobo Alves Palhares Costa Palhinha Gonçalves,João Maria,João Palhinha,10
Loftus-Cheek,Ruben,Ruben Loftus-Cheek,10
Mato Sanmartín,José Luis,Joselu,10
McGoldrick,David,David McGoldrick,10
Moncur,John,John Moncur,10
Monkou,Kenneth,Kenneth Monkou,10
Morison,Steve,Steve Morison,10
Mustoe,Robbie,Robbie Mustoe,10
Pereira Gomes,Felipe Anderson,Felipe Anderson,10
Phillips,David,David Phillips,10
Rebrov,Serhiy,Serhiy Rebrov,10
Reo-Coker,Nigel,Nigel Reo-Coker,10
Rodwell,Jack,Jack Rodwell,10
Rosenthal,Ronny,Ronny Rosenthal,10
Sessegnon,Ryan,Ryan Sessegnon,10
Smicer,Vladimir,Vladimir Smicer,10
Suker,Davor,Davor Suker,10
Summerville,Crysencio,Crysencio Summerville,10
Tosun,Cenk,Cenk Tosun,10
Wanyama,Victor,Victor Wanyama,10
Whitehouse,Dane,Dane Whitehouse,10
Zaki,Amr,Amr Zaki,10
Adingra,Simon,Simon Adingra,9
Agger,Daniel,Daniel Agger,9
Aït-Nouri,Rayan,Rayan Aït-Nouri,9
Alderweireld,Toby,Toby Alderweireld,9
Anthony,Jaidon,Jaidon Anthony,9
Asprilla,Faustino,Faustino Asprilla,9
Atherton,Peter,Peter Atherton,9
Bednarek,Jan,Jan Bednarek,9
Bentancur,Rodrigo,Rodrigo Bentancur,9
Bernard,Paul,Paul Bernard,9
Bowen,Mark,Mark Bowen,9
Boyd,George,George Boyd,9
Broja,Armando,Armando Broja,9
Buonanotte,Facundo,Facundo Buonanotte,9
Cairney,Tom,Tom Cairney,9
Camara,Titi,Titi Camara,9
Chopra,Michael,Michael Chopra,9
Colback,Jack,Jack Colback,9
Cork,Jack,Jack Cork,9
Craddock,Jody,Jody Craddock,9
Dallas,Stuart,Stuart Dallas,9
Daniels,Charlie,Charlie Daniels,9
de Guzmán,Jonathan,Jonathan de Guzmán,9
Dewsbury-Hall,Kiernan,Kiernan Dewsbury-Hall,9
Dixon,Lee,Lee Dixon,9
Dodd,Jason,Jason Dodd,9
Ebbrell,John,John Ebbrell,9
Falconer,William,Willie Falconer,9
Flo,Jostein,Jostein Flo,9
Goss,Jeremy,Jeremy Goss,9
Greening,Jonathan,Jonathan Greening,9
Gueye,Idrissa,Idrissa Gueye,9
Guppy,Steve,Steve Guppy,9
Hall,Richard,Richard Hall,9
Harper,James,James Harper,9
Higginbotham,Danny,Danny Higginbotham,9
Hinshelwood,Jack,Jack Hinshelwood,9
Holden,Richard,Richard Holden,9
Howells,David,David Howells,9
Konchesky,Paul,Paul Konchesky,9
Kouassi,Gervais,Gervinho,9
Lerma,Jefferson,Jefferson Lerma,9
Lovenkrands,Peter,Peter Løvenkrands,9
Mackie,Jamie,Jamie Mackie,9
Matip,Joël,Joël Matip,9
McCulloch,Lee,Lee McCulloch,9
Mooy,Aaron,Aaron Mooy,9
Mounié,Steve,Steve Mounié,9
Mousset,Lys,Lys Mousset,9
Nelsen,Ryan,Ryan Nelsen,9
Neville,Philip,Phil Neville,9
Nevland,Erik,Erik Nevland,9
O'Hara,Jamie,Jamie O'Hara,9
Pallister,Gary,Gary Pallister,9
Partey,Thomas,Thomas Partey,9
Petrov,Stiliyan,Stiliyan Petrov,9
Ramírez,Gastón,Gastón Ramírez,9
Roberts,Iwan,Iwan Roberts,9
Rose,Danny,Danny Rose,9
Rüdiger,Antonio,Antonio Rüdiger,9
Saïss,Romain,Romain Saïss,9
Sellars,Scott,Scott Sellars,9
Shevchenko,Andriy,Andriy Shevchenko,9
Silvestre,Mikaël,Mikaël Silvestre,9
Svensson,Mathias,Mathias Svensson,9
Svensson,Anders,Anders Svensson,9
Taggart,Gerry,Gerry Taggart,9
Torres,Ferran,Ferran Torres,9
Turner,Michael,Michael Turner,9
Upson,Matt,Matt Upson,9
Weir,David,David Weir,9
White,Devon,Devon White,9
Wilson,Clive,Clive Wilson,9
Young,Luke,Luke Young,9
Zabaleta,Pablo,Pablo Zabaleta,9
Zárate,Mauro,Mauro Zárate,9
Albert,Philippe,Philippe Albert,8
Aliadière,Jérémie,Jérémie Aliadière,8
Alves Morais,Carlos Vinícius,Carlos Vinícius,8
Arca,Julio,Julio Arca,8
Bakke,Eirik,Eirik Bakke,8
Ball,Michael,Michael Ball,8
Banger,Nicky,Nicky Banger,8
Bannister,Gary,Gary Bannister,8
Beckford,Jermaine,Jermaine Beckford,8
Bellerín,Héctor,Héctor Bellerín,8
Berg,Henning,Henning Berg,8
Bergsson,Gudni,Gudni Bergsson,8
Bilyaletdinov,Diniyar,Diniyar Bilyaletdinov,8
Bocanegra,Carlos,Carlos Bocanegra,8
Carbonari,Horacio,Horacio Carbonari,8
Carr,Stephen,Stephen Carr,8
Caulker,Steven,Steven Caulker,8
Cruijff,Jordi,Jordi Cruijff,8
Degryse,Marc,Marc Degryse,8
Dindane,Aruna,Aruna Dindane,8
Diop,Papa Bouba,Papa Bouba Diop,8
Dorrans,Graham,Graham Dorrans,8
El Karkouri,Talal,Talal El Karkouri,8
Emiliano da Silva,Thiago,Thiago Silva,8
Festa,Gianluca,Gianluca Festa,8
Flynn,Sean,Sean Flynn,8
Foster,Lyle,Lyle Foster,8
Frandsen,Per,Per Frandsen,8
Gemmill,Scot,Scot Gemmill,8
Gordon,Dean,Dean Gordon,8
Guéhi,Marc,Marc Guéhi,8
Hassan,Mahmoud Ahmed Ibrahim,Trézéguet,8
Hendry,Colin,Colin Hendry,8
Hernández,Abel,Abel Hernández,8
Hleb,Aliaksandr,Aliaksandr Hleb,8
Houghton,Ray,Ray Houghton,8
Howson,Jonny,Jonny Howson,8
Hulse,Robert,Robert Hulse,8
Jaidi,Radhi,Radhi Jaidi,8
Janmaat,Daryl,Daryl Janmaat,8
Jobson,Richard,Richard Jobson,8
Johnsen,Ronny,Ronny Johnsen,8
Jovetic,Stevan,Stevan Jovetic,8
Kenna,Jeff,Jeff Kenna,8
Ketsbaia,Temuri,Temuri Ketsbaia,8
King,Andy,Andy King,8
Konsa,Ezri,Ezri Konsa,8
Kroupi,Junior,Junior Kroupi,8
Laporte,Aymeric,Aymeric Laporte,8
Laursen,Martin,Martin Laursen,8
Lee,Chung-Yong,Lee Chung-Yong,8
Legwinski,Sylvain,Sylvain Legwinski,8
Lemina,Mario,Mario Lemina,8
Lowe,David,David Lowe,8
Marmoush,Omar Khaled Mohamed Abdelsalam,Omar Marmoush,8
Martin,Russell,Russell Martin,8
May,David,David May,8
McGoldrick,Eddie,Eddie McGoldrick,8
Mellberg,Olof,Olof Mellberg,8
Mendonca,Clive,Clive Mendonca,8
Moore,Joe-Max,Joe-Max Moore,8
Morgan,Wes,Wes Morgan,8
Morientes,Fernando,Fernando Morientes,8
Newsome,Jon,Jon Newsome,8
O'Brien,Andy,Andy O'Brien,8
Ogbonna,Angelo,Angelo Ogbonna,8
Olsson,Jonas,Jonas Olsson,8
Onana,Amadou,Amadou Onana,8
Otamendi,Nicolás,Nicolás Otamendi,8
Peacock,Darren,Darren Peacock,8
Perry,Chris,Chris Perry,8
Pinnock,Ethan,Ethan Pinnock,8
Porro,Pedro,Pedro Porro,8
Reid,Steven,Steven Reid,8
Richards,Micah,Micah Richards,8
Riggott,Chris,Chris Riggott,8
Rodrigues de Paula Santos,Frederico,Fred,8
Roussel,Cedric,Cedric Roussel,8
Ruiz,Bryan,Bryan Ruiz,8
Salako,John,John Salako,8
Samaras,Georgios,Georgios Samaras,8
Sarabia,Pablo,Pablo Sarabia,8
Sarr,Pape Matar,Pape Matar Sarr,8
Sesko,Benjamin,Benjamin Sesko,8
Sinclair,Frank,Frank Sinclair,8
Sinisterra,Luis,Luis Sinisterra,8
Slimani,Islam,Islam Slimani,8
Smith,Alan,Alan Smith,8
Tavares,Fábio Henrique,Fabinho,8
Taylor,Ryan,Ryan Taylor,8
Todd,Andrew,Andrew Todd,8
Vaz Tê,Ricardo Jorge,Ricardo Vaz Tê,8
Verón,Juan Sebastián,Juan Sebastián Verón,8
Walker,Kyle,Kyle Walker,8
Walsh,Steve,Steve Walsh,8
Warnock,Stephen,Stephen Warnock,8
Wilshere,Jack,Jack Wilshere,8
Yarmolenko,Andrii,Andrii Yarmolenko,8
Yobo,Joseph,Joseph Yobo,8
Alexander,Graham,Graham Alexander,7
Amalfitano,Morgan,Morgan Amalfitano,7
Andrews,Keith,Keith Andrews,7
Asanovic,Aljosa,Aljosa Asanovic,7
Barbosa Pereira,Ricardo Domingos,Ricardo Pereira,7
Bardsley,Phil,Phil Bardsley,7
Bergwijn,Steven,Steven Bergwijn,7
Bertrand,Ryan,Ryan Bertrand,7
Black,Kingsley,Kingsley Black,7
Bodin,Paul,Paul Bodin,7
Boly,Willy,Willy Boly,7
Bouazza,Hameur,Hameur Bouazza,7
Caicedo,Moisés,Moisés Caicedo,7
Chambers,Calum,Calum Chambers,7
Clement,Neil,Neil Clement,7
Coady,Conor,Conor Coady,7
Collison,Jack,Jack Collison,7
Cucurella,Marc,Marc Cucurella,7
da Rocha Fonte,José Miguel,José Fonte,7
Daude Gaspar,Eduardo César,Edu,7
Davies,Curtis,Curtis Davies,7
Delph,Fabian,Fabian Delph,7
Diamanti,Alessandro,Alessandro Diamanti,7
Dias da Costa,Alex Rodrigo,Alex,7
Diop,Issa,Issa Diop,7
Distin,Sylvain,Sylvain Distin,7
Doku,Jérémy,Jérémy Doku,7
Duffy,Shane,Shane Duffy,7
Eadie,Darren,Darren Eadie,7
Eagles,Chris,Chris Eagles,7
Eranio,Stefano,Stefano Eranio,7
Evra,Patrice,Patrice Evra,7
Fairclough,Chris,Chris Fairclough,7
Flemming,Zian,Zian Flemming,7
Glass,Stephen,Stephen Glass,7
Gomes da Silva,João Victor,João Gomes,7
Grønkjaer,Jesper,Jesper Grønkjaer,7
Gutiérrez,Jonás,Jonás Gutiérrez,7
Hopkin,David,David Hopkin,7
Kalinic,Nikola,Nikola Kalinic,7
Keïta,Naby,Naby Keïta,7
Kightly,Michael,Michael Kightly,7
Kinkladze,Georgi,Georgi Kinkladze,7
Knight,Zat,Zat Knight,7
Kuqi,Shefki,Shefki Kuqi,7
Lawrence,Liam,Liam Lawrence,7
Lazaridis,Stan,Stan Lazaridis,7
Lewis-Potter,Keane,Keane Lewis-Potter,7
Limpar,Anders,Anders Limpar,7
Livermore,Jake,Jake Livermore,7
Lovren,Dejan,Dejan Lovren,7
Malen,Donyell,Donyell Malen,7
Mbokani,Dieumerci,Dieumerci Mbokani,7
McAteer,Jason,Jason McAteer,7
McKenzie,Leon,Leon McKenzie,7
Mina,Yerry,Yerry Mina,7
Minteh,Yankuba,Yankuba Minteh,7
Monreal Eraso,Ignacio,Nacho Monreal,7
Muñoz,Daniel,Daniel Muñoz,7
Mustafi,Shkodran,Shkodran Mustafi,7
Mutch,Jordon,Jordon Mutch,7
Mølby,Jan,Jan Mølby,7
Ndidi,Wilfred,Wilfred Ndidi,7
Newton,Eddie,Eddie Newton,7
Nonda,Shabani,Shabani Nonda,7
Okaka,Stefano,Stefano Okaka,7
Reid,Andy,Andy Reid,7
Reuser,Martijn,Martijn Reuser,7
Reyna,Claudio,Claudio Reyna,7
Richards,Dean,Dean Richards,7
Richardson,Kevin,Kevin Richardson,7
Romeu,Oriol,Oriol Romeu,7
Rudi,Petter,Petter Rudi,7
Rutter,Georginio,Georginio Rutter,7
Saliba,William,William Saliba,7
Sheridan,John,John Sheridan,7
Short,Craig,Craig Short,7
Silveira de Carvalho,Ricardo Alberto,Ricardo Carvalho,7
Soldado,Roberto,Roberto Soldado,7
Song,Alexandre,Alexandre Song,7
Stanic,Mario,Mario Stanic,7
Stefanovic,Dejan,Dejan Stefanovic,7
Strachan,Gordon,Gordon Strachan,7
Taarabt,Adel,Adel Taarabt,7
Tchoyi,Somen,Somen Tchoyi,7
Telfer,Paul,Paul Telfer,7
Todorov,Svetoslav,Svetoslav Todorov,7
Trindade Meireles,Raul José,Raul Meireles,7
Utaka,John,John Utaka,7
van de Ven,Micky,Micky van de Ven,7
van Hooijdonk,Pierre,Pierre van Hooijdonk,7
Vaughan,James,James Vaughan,7
Vega,Ramon,Ramon Vega,7
Wheater,David,David Wheater,7
Whitehead,Dean,Dean Whitehead,7
Woltemade,Nick,Nick Woltemade,7
Acuna,Clarence,Clarence Acuna,6
Alcaraz,Charly,Charly Alcaraz,6
Allbäck,Marcus,Marcus Allbäck,6
Alves da Silva,Eduardo,Eduardo da Silva,6
Archer,Cameron,Cameron Archer,6
Armstrong,Adam,Adam Armstrong,6
Aurier,Sèrge,Sèrge Aurier,6
Babbel,Markus,Markus Babbel,6
Bacuna,Leandro,Leandro Bacuna,6
Barry,Thierno,Thierno Barry,6
Bassong,Sebastien,Sebastien Bassong,6
Bednár,Roman,Roman Bednár,6
Bernard,Olivier,Olivier Bernard,6
Bezerra Maciel Júnior,José Paulo,Paulinho,6
Bisan Etame-Mayer,Laureano,Lauren,6
Boere,Jeroen,Jeroen Boere,6
Bogle,Jayden,Jayden Bogle,6
Bothroyd,Jay,Jay Bothroyd,6
Brereton,Ben,Ben Brereton,6
Brownhill,Josh,Josh Brownhill,6
Bruun Larsen,Jacob,Jacob Bruun Larsen,6
Burn,Dan,Dan Burn,6
Calderwood,Colin,Colin Calderwood,6
Caldwell,Gary,Gary Caldwell,6
Cantwell,Todd,Todd Cantwell,6
Cascarino,Tony,Tony Cascarino,6
Castagne,Timothy,Timothy Castagne,6
Castro Otto,Jonathan,Jonny,6
Cattermole,Lee,Lee Cattermole,6
Chimbonda,Pascal,Pascal Chimbonda,6
Clemence,Stephen,Stephen Clemence,6
Clucas,Sam,Sam Clucas,6
Cohen,Tamir,Tamir Cohen,6
Coleman,Chris,Chris Coleman,6
Collins,Wayne,Wayne Collins,6
Collins,Nathan,Nathan Collins,6
Cox,Neil,Neil Cox,6
Curle,Keith,Keith Curle,6
da Silva Mendes,Pedro Miguel,Pedro Mendes,6
Dalla Bona,Samuele,Samuele Dalla Bona,6
Davies,Tom,Tom Davies,6
de Assis Silva,João Alves,Jô,6
Depoitre,Laurent,Laurent Depoitre,6
Desailly,Marcel,Marcel Desailly,6
Diaby,Moussa,Moussa Diaby,6
Digne,Lucas,Lucas Digne,6
Dobie,Scott,Scott Dobie,6
Doherty,Gary,Gary Doherty,6
Dugarry,Christophe,Christophe Dugarry,6
El Mohamady Abdel Fattah,Ahmed Eissa,Ahmed El Mohamady,6
Enciso,Julio,Julio Enciso,6
Freitas Gouveia de Carvalho,Fábio Leandro,Fábio Carvalho,6
Gallagher,Paul,Paul Gallagher,6
George,Finidi,Finidi George,6
Gestede,Rudy,Rudy Gestede,6
Goldbæk,Bjarne,Bjarne Goldbæk,6
Gómez,Diego,Diego Gómez,6
Guenchev,Bontcho,Bontcho Guenchev,6
Henry,Nick,Nick Henry,6
Hodges,Glyn,Glyn Hodges,6
Hooper,Gary,Gary Hooper,6
Hughes,Will,Will Hughes,6
Jedinak,Mile,Mile Jedinak,6
Johnson,Bradley,Bradley Johnson,6
Johnson,Gavin,Gavin Johnson,6
Jones,Ryan,Ryan Jones,6
Kagawa,Shinji,Shinji Kagawa,6
Kapo,Olivier,Olivier Kapo,6
Kluivert,Patrick,Patrick Kluivert,6
Koumas,Jason,Jason Koumas,6
Ledley,Joe,Joe Ledley,6
Madar,Mickaël,Mickaël Madar,6
Marsden,Chris,Chris Marsden,6
Mason,Paul,Paul Mason,6
Mathie,Alex,Alex Mathie,6
Matic,Nemanja,Nemanja Matic,6
Mawson,Alfie,Alfie Mawson,6
McAtee,James,James McAtee,6
McGinlay,John,John McGinlay,6
McGrath,Paul,Paul McGrath,6
Melchiot,Mario,Mario Melchiot,6
Mertesacker,Per,Per Mertesacker,6
Miller,Kenny,Kenny Miller,6
Mills,Daniel,Danny Mills,6
Minamino,Takumi,Takumi Minamino,6
Mings,Tyrone,Tyrone Mings,6
Molenaar,Robert,Robert Molenaar,6
Mutch,Andy,Andy Mutch,6
Mutu,Adrian,Adrian Mutu,6
N'Doye,Dame,Dame N'Doye,6
Naysmith,Gary,Gary Naysmith,6
Ndombélé,Tanguy,Tanguy Ndombélé,6
Neill,Lucas,Lucas Neill,6
Neves Abreu Cavaleiro,Ivan Ricardo,Ivan Cavaleiro,6
Nkunku,Christopher,Christopher Nkunku,6
Nmecha,Lukas,Lukas Nmecha,6
O'Reilly,Nico,Nico O'Reilly,6
Olsson,Martin,Martin Olsson,6
Pandiani,Walter,Walter Pandiani,6
Pereira Neves,Denilson,Denilson,6
Power,Lee,Lee Power,6
Reid,Winston,Winston Reid,6
Robinson,John,John Robinson,6
Robinson,Callum,Callum Robinson,6
Rodríguez,James,James Rodríguez,6
Rogers,Paul,Paul Rogers,6
Rufus,Richard,Richard Rufus,6
Sanchez,Lawrie,Lawrie Sanchez,6
Sava,Facundo,Facundo Sava,6
Senderos,Philippe,Philippe Senderos,6
Senesi,Marcos,Marcos Senesi,6
Sharp,Billy,Billy Sharp,6
Smith,Tommy,Tommy Smith,6
Stamp,Phil,Phil Stamp,6
Summerbee,Nicky,Nicky Summerbee,6
Surman,Andrew,Andrew Surman,6
Taylor-Fletcher,Gary,Gary Taylor-Fletcher,6
Thomas,Michael,Michael Thomas,6
Thomsen,Claus,Claus Thomsen,6
Trippier,Kieran,Kieran Trippier,6
Vertonghen,Jan,Jan Vertonghen,6
Ward,Stephen,Stephen Ward,6
Watson,Dave,Dave Watson,6
Webster,Adam,Adam Webster,6
White,Ben,Ben White,6
Williams,Ashley,Ashley Williams,6
Woodgate,Jonathan,Jonathan Woodgate,6
Yoshida,Maya,Maya Yoshida,6
Young,Eric,Eric Young,6
Ziyech,Hakim,Hakim Ziyech,6
Aaronson,Brenden,Brenden Aaronson,5
Abou,Samassi,Samassi Abou,5
Aina,Ola,Ola Aina,5
Allen,Malcolm,Malcolm Allen,5
Amdouni,Zeki,Zeki Amdouni,5
Arfield,Scott,Scott Arfield,5
Aribo,Joe,Joe Aribo,5
Ayari,Yasin,Yasin Ayari,5
Babayaro,Celestine,Celestine Babayaro,5
Batty,David,David Batty,5
Belhadj,Nadir,Nadir Belhadj,5
Bellegarde,Jean-Ricner,Jean-Ricner Bellegarde,5
Belozoglu,Emre,Emre,5
Bissouma,Yves,Yves Bissouma,5
Branthwaite,Jarrad,Jarrad Branthwaite,5
Brobbey,Brian,Brian Brobbey,5
Caicedo,Felipe,Felipe Caicedo,5
Caldeira Duarte,Bernard Anício,Bernard,5
Camarasa,Víctor,Víctor Camarasa,5
Cambiasso,Esteban,Esteban Cambiasso,5
Carr,Franz,Franz Carr,5
Cathcart,Craig,Craig Cathcart,5
Cavaco Cancelo,João Pedro,João Cancelo,5
Choupo-Moting,Eric,Eric Choupo-Moting,5
Clapham,James,Jamie Clapham,5
Connolly,Aaron,Aaron Connolly,5
Cork,Alan,Alan Cork,5
Curcic,Sasa,Sasa Curcic,5
Dacourt,Olivier,Olivier Dacourt,5
Damsgaard,Mikkel,Mikkel Damsgaard,5
Darby,Julian,Julian Darby,5
Davies,Mark,Mark Davies,5
de Abreu Oliveira,Anderson Luis,Anderson,5
De Freitas,Fabian,Fabian De Freitas,5
de Souza,Anderson Luís,Deco,5
Dejagah,Ashkan,Ashkan Dejagah,5
dos Santos,Antony Matheus,Antony,5
dos Santos de Oliveira,Danilo,Danilo,5
dos Santos Gato Alves Dias,Rúben,Rúben Dias,5
Duberry,Michael,Michael Duberry,5
Dyer,Bruce,Bruce Dyer,5
Eboue,Emmanuel,Emmanuel Eboué,5
Edwards,David,David Edwards,5
Ekelund,Ronnie,Ronnie Ekelund,5
Ellington,Nathan,Nathan Ellington,5
Elliott,Harvey,Harvey Elliott,5
Elyounoussi,Mohamed,Mohamed Elyounoussi,5
Espanha Fernandes,Mateus Gonçalo,Mateus Fernandes,5
Fagan,Craig,Craig Fagan,5
Falcao,Radamel,Radamel Falcao,5
Félix Sequeira,João,João Félix,5
Fernandes,Fabrice,Fabrice Fernandes,5
Fleck,John,John Fleck,5
Folan,Caleb,Caleb Folan,5
Fortune,Jonathan,Jonathan Fortune,5
Fortune,Quinton,Quinton Fortune,5
Franco,Guillermo,Guillermo Franco,5
Gascoigne,Paul,Paul Gascoigne,5
Gayle,Brian,Brian Gayle,5
Gibson,Darron,Darron Gibson,5
Grant,Karlan,Karlan Grant,5
Gravenberch,Ryan,Ryan Gravenberch,5
Gray,Michael,Michael Gray,5
Haus Belletti,Juliano,Juliano Belletti,5
Healy,David,David Healy,5
Heaney,Neil,Neil Heaney,5
Hernández,Cucho,Cucho Hernández,5
Hernández Domínguez,Pablo,Pablo Hernández,5
Higuaín,Gonzalo,Gonzalo Higuaín,5
Holebas,José,José Holebas,5
Holmes,Matt,Matt Holmes,5
Hughes,Stephen,Stephen Hughes,5
Hughes,Aaron,Aaron Hughes,5
Iria Santos Moutinho,João Filipe,João Moutinho,5
Izquierdo,José,José Izquierdo,5
Januzaj,Adnan,Adnan Januzaj,5
Jarosik,Jirí,Jirí Jarosik,5
Jemson,Nigel,Nigel Jemson,5
Johnson,Seth,Seth Johnson,5
Jonk,Wim,Wim Jonk,5
Justin,James,James Justin,5
Jørgensen,Mathias,Zanka,5
Kacaniklic,Alexander,Alexander Kacaniklic,5
Kébé,Jimmy,Jimmy Kébé,5
Keller,Marc,Marc Keller,5
Kinsella,Mark,Mark Kinsella,5
Klich,Mateusz,Mateusz Klich,5
Knockaert,Anthony,Anthony Knockaert,5
Korsten,Willem,Willem Korsten,5
Landzaat,Denny,Denny Landzaat,5
Leadbitter,Grant,Grant Leadbitter,5
Lee,David,David Lee,5
Lennon,Neil,Neil Lennon,5
Linighan,Andy,Andy Linighan,5
Litmanen,Jari,Jari Litmanen,5
Lombardo,Attilio,Attilio Lombardo,5
Lundstram,John,John Lundstram,5
Marsh,Mike,Mike Marsh,5
Martins Gomes,Rodrigo,Rodrigo Gomes,5
Masinga,Philemon,Philemon Masinga,5
Milenkovic,Nikola,Nikola Milenkovic,5
Milligan,Mike,Mike Milligan,5
Mills,Lee,Lee Mills,5
Milton,Simon,Simon Milton,5
Moore,Kieffer,Kieffer Moore,5
Moraes Ferreira da Silva,Wesley,Wesley,5
Moran,Kevin,Kevin Moran,5
Morris,Jody,Jody Morris,5
Mpenza,Emile,Emile Mpenza,5
Muamba,Fabrice,Fabrice Muamba,5
Mudryk,Mykhailo,Mykhailo Mudryk,5
Muntari,Sulley,Sulley Muntari,5
Nelson,Reiss,Reiss Nelson,5
Neville,Gary,Gary Neville,5
Newman,Rob,Rob Newman,5
Ngonge,Michel,Michel Ngonge,5
Pereira da Silva,Rafael,Rafael,5
Petric,Mladen,Mladen Petric,5
Poborsky,Karel,Karel Poborsky,5
Powell,Darryl,Darryl Powell,5
Pugh,Marc,Marc Pugh,5
Reijnders,Tijjani,Tijjani Reijnders,5
Rieper,Marc,Marc Rieper,5
Rochemback,Fábio,Fábio Rochemback,5
Rowett,Gary,Gary Rowett,5
Sako,Bakary,Bakary Sako,5
Samways,Vinny,Vinny Samways,5
Schwarz,Hans-Jurgen Stefan,Stefan Schwarz,5
Seol,Ki-Hyeon,Seol Ki-Hyeon,5
Sibon,Gerald,Gerald Sibon,5
Sidibe,Mamady,Mamady Sidibe,5
Sinama-Pongolle,Florent,Florent Sinama-Pongolle,5
Smart,Allan,Allan Smart,5
Smith,Adam,Adam Smith,5
Soltvedt,Trond Egil,Trond Egil Soltvedt,5
Stephens,Jack,Jack Stephens,5
Stewart,Paul,Paul Stewart,5
Stockwell,Mick,Mick Stockwell,5
Tel,Mathys,Mathys Tel,5
Tonali,Sandro,Sandro Tonali,5
Ullathorne,Robert,Robert Ullathorne,5
Ünal,Enes,Enes Ünal,5
Undav,Deniz,Deniz Undav,5
Varney,Luke,Luke Varney,5
Vaughan,David,David Vaughan,5
Vela,Carlos,Carlos Vela,5
Veltman,Joël,Joël Veltman,5
Voronin,Andrey,Andrey Voronin,5
Ward,Joel,Joel Ward,5
Williams,Paul,Paul Williams,5
Williamson,Danny,Danny Williamson,5
Winterburn,Nigel,Nigel Winterburn,5
Wright,Mark,Mark Wright,5
Wright,Tommy,Tommy Wright,5
Wright,Alan,Alan Wright,5
Zigic,Nikola,Nikola Zigic,5
Zirkzee,Joshua,Joshua Zirkzee,5
Zubimendi,Martín,Martín Zubimendi,5
Ablett,Gary,Gary Ablett,4
Adams,Micky,Micky Adams,4
Adarabioyo,Tosin,Tosin Adarabioyo,4
Agudo Durán,Manuel,Nolito,4
Allen,Paul,Paul Allen,4
Andersen,Joachim,Joachim Andersen,4
Anderson,Elliot,Elliot Anderson,4
Andersson,Andreas,Andreas Andersson,4
Andone,Florin,Florin Andone,4
Araujo Dall'lgna,Ilan,Ilan Araujo,4
Assaidi,Oussama,Oussama Assaidi,4
Assou-Ekotto,Benoit,Benoit Assou-Ekotto,4
Ayling,Luke,Luke Ayling,4
Babb,Phil,Phil Babb,4
Baird,Chris,Chris Baird,4
Bakayoko,Ibrahima,Ibrahima Bakayoko,4
Bamba,Sol,Sol Bamba,4
Barnard,Darren,Darren Barnard,4
Behrami,Valon,Valon Behrami,4
Bellion,David,David Bellion,4
Bianchi,Rolando,Rolando Bianchi,4
Bikey,André,André Bikey,4
Bishop,Ian,Ian Bishop,4
Blind,Daley,Daley Blind,4
Bobic,Fredi,Fredi Bobic,4
Brolin,Tomas,Tomas Brolin,4
Brown,Michael,Michael Brown,4
Brown,Wes,Wes Brown,4
Busst,David,David Busst,4
Cameron,Colin,Colin Cameron,4
Campbell,Andy,Andy Campbell,4
Cardoso Mendes,Tiago,Tiago,4
Caskey,Darren,Darren Caskey,4
Castledine,Stewart,Stewart Castledine,4
Chong,Tahith,Tahith Chong,4
Christie,Ryan,Ryan Christie,4
Clyne,Nathaniel,Nathaniel Clyne,4
Coloccini,Fabricio,Fabricio Coloccini,4
Cousin,Daniel,Daniel Cousin,4
Cullen,Josh,Josh Cullen,4
Cureton,Jamie,Jamie Cureton,4
da Silva,Danilo Luiz,Danilo,4
Dahlin,Martin,Martin Dahlin,4
Dailly,Christian,Christian Dailly,4
Dalot Teixeira,José Diogo,Diogo Dalot,4
Dasilva,Josh,Josh Dasilva,4
de Roon,Marten,Marten de Roon,4
De Zeeuw,Arjan,Arjan De Zeeuw,4
Di Michele,David,David Di Michele,4
Drinkwater,Danny,Danny Drinkwater,4
Dumitrescu,Ilie,Ilie Dumitrescu,4
Durie,Gordon,Gordon Durie,4
Elliott,Wade,Wade Elliott,4
Estupiñán,Pervis,Pervis Estupiñán,4
Etuhu,Dickson,Dickson Etuhu,4
Evans,Michael,Mickey Evans,4
Fear,Peter,Peter Fear,4
Ferdinand,Anton,Anton Ferdinand,4
Fernandes Ribeiro,Bruno Miguel,Bruno Ribeiro,4
Fernández,Federico,Federico Fernández,4
Figueroa,Maynor,Maynor Figueroa,4
Fish,Mark,Mark Fish,4
Fofana,David Datro,David Datro Fofana,4
Formica,Mauro,Mauro Formica,4
Froggatt,Stephen,Stephen Froggatt,4
Funes Mori,Ramiro,Ramiro Funes Mori,4
Giaccherini,Emanuele,Emanuele Giaccherini,4
Griffiths,Carl,Carl Griffiths,4
Grimandi,Gilles,Gilles Grimandi,4
Guimarães Cordeiro,Sandro Ranieri,Sandro,4
Gullit,Ruud,Ruud Gullit,4
Guthrie,Danny,Danny Guthrie,4
Hamer,Gustavo,Gustavo Hamer,4
Hayden,Isaac,Isaac Hayden,4
Holloway,Ian,Ian Holloway,4
Hourihane,Conor,Conor Hourihane,4
Hristov,Georgi,Georgi Hristov,4
Humphreys,Ritchie,Ritchie Humphreys,4
Hutchinson,Omari,Omari Hutchinson,4
Ibe,Jordon,Jordon Ibe,4
Ideye,Brown,Brown Ideye,4
Inamoto,Junichi,Junichi Inamoto,4
Ingimarsson,Ivar,Ivar Ingimarsson,4
Isidor,Wilson,Wilson Isidor,4
Jackson,Simeon,Simeon Jackson,4
Jackson,Matt,Matt Jackson,4
Jansson,Pontus,Pontus Jansson,4
Jess,Eoin,Eoin Jess,4
Johansson,Andreas,Andreas Johansson,4
Johnson,Damien,Damien Johnson,4
Kabasele,Christian,Christian Kabasele,4
Karembeu,Christian,Christian Karembeu,4
Keown,Martin,Martin Keown,4
Kezman,Mateja,Mateja Kezman,4
Kovacevic,Darko,Darko Kovacevic,4
Kozák,Libor,Libor Kozák,4
Lawrence,Jamie,Jamie Lawrence,4
Le Fée,Enzo,Enzo Le Fée,4
Leaburn,Carl,Carl Leaburn,4
Leite de Souza Júnior,Emerson Aparecido,Emerson Royal,4
Lindelöf,Victor,Victor Lindelöf,4
Linighan,David,David Linighan,4
Llorente,Diego,Diego Llorente,4
Lowton,Matthew,Matthew Lowton,4
Macheda,Federico,Federico Macheda,4
Maiga,Modibo,Modibo Maiga,4
Markovic,Lazar,Lazar Markovic,4
Marney,Dean,Dean Marney,4
Martins Dominguez,José Manuel,José Dominguez,4
Maskell,Craig,Craig Maskell,4
Mavididi,Stephy,Stephy Mavididi,4
McCarthy,Sean,Sean McCarthy,4
Méndez-Laing,Nathaniel,Nathaniel Méndez-Laing,4
Mendieta,Gaizka,Gaizka Mendieta,4
Meyler,David,David Meyler,4
Milijas,Nenad,Nenad Milijas,4
Minto,Scott,Scott Minto,4
Mitchell,Tyrick,Tyrick Mitchell,4
Moisés Costa,Emerson,Emerson,4
Morris,Lee,Lee Morris,4
Murphy,Daryl,Daryl Murphy,4
Mykolenko,Vitalii,Vitalii Mykolenko,4
N'Gotty,Bruno,Bruno N'Gotty,4
Navas,Jesús,Jesús Navas,4
Nolan,Ian,Ian Nolan,4
Nunes do Nascimento,Robert Kenedy,Kenedy,4
Nwaneri,Ethan,Ethan Nwaneri,4
Obafemi,Michael,Michael Obafemi,4
Odobert,Wilson,Wilson Odobert,4
Ogbene,Chiedozie,Chiedozie Ogbene,4
Okafor,Noah,Noah Okafor,4
Onuachu,Paul,Paul Onuachu,4
Onuoha,Nedum,Nedum Onuoha,4
Palmieri dos Santos,Emerson,Emerson,4
Pamarot,Noé,Noé Pamarot,4
Paterson,Martin,Martin Paterson,4
Paterson,Callum,Callum Paterson,4
Pearce,Andy,Andy Pearce,4
Pérez,Lucas,Lucas Pérez,4
Pogatetz,Emanuel,Emanuel Pogatetz,4
Preece,Andy,Andy Preece,4
Pringle,Martin,Martin Pringle,4
Radosavljevic,Predrag,Preki,4
Rangel,Angel,Angel Rangel,4
Reed,Harrison,Harrison Reed,4
Reeves,Alan,Alan Reeves,4
Reges,Fernando Francisco,Fernando,4
Rennie,David,David Rennie,4
Riera,Albert,Albert Riera,4
Riihilahti,Aki,Aki Riihilahti,4
Ritchie,Andy,Andy Ritchie,4
Rocastle,David,David Rocastle,4
Rodger,Simon,Simon Rodger,4
Rogers,Alan,Alan Rogers,4
Rommedahl,Dennis,Dennis Rommedahl,4
Rosario,Robert,Robert Rosario,4
Russell,Craig,Craig Russell,4
Sagna,Bacary,Bacary Sagna,4
Scott,Keith,Keith Scott,4
Slater,Robbie,Robbie Slater,4
Slaven,Bernie,Bernie Slaven,4
Soares Silva,Fábio Daniel,Fábio Silva,4
Solomon,Manor,Manor Solomon,4
Sommeil,David,David Sommeil,4
Sousa de Azevedo e Costa,Hélder Wander,Hélder Costa,4
Söyüncü,Çaglar,Çaglar Söyüncü,4
Stach,Anton,Anton Stach,4
Steinsson,Grétar,Grétar Steinsson,4
Struijk,Pascal,Pascal Struijk,4
Stuani,Cristhian,Cristhian Stuani,4
Svensson,Michael,Michael Svensson,4
Szmodics,Sam,Sam Szmodics,4
Taylor,Shaun,Shaun Taylor,4
Tettey,Alexander,Alexander Tettey,4
Thiaw,Malick,Malick Thiaw,4
Thompson,Steven,Steven Thompson,4
Tierney,Kieran,Kieran Tierney,4
Timber,Jurriën,Jurriën Timber,4
Ugochukwu,Lesley,Lesley Ugochukwu,4
van Hecke,Jan Paul,Jan Paul van Hecke,4
Venus,Mark,Mark Venus,4
Vestergaard,Jannik,Jannik Vestergaard,4
Vonk,Michel,Michel Vonk,4
Wan-Bissaka,Aaron,Aaron Wan-Bissaka,4
Weah,George,George Weah,4
Webber,Danny,Danny Webber,4
Whelan,Glenn,Glenn Whelan,4
Whittingham,Peter,Peter Whittingham,4
Whitton,Steve,Steve Whitton,4
Wirtz,Florian,Florian Wirtz,4
Adli,Amine,Amine Adli,3
Aguerd,Nayef,Nayef Aguerd,3
Ajer,Kristoffer,Kristoffer Ajer,3
Alcáraz,Antolín,Antolín Alcáraz,3
Alves Soares,Cédric Ricardo,Cédric Soares,3
Amoruso,Lorenzo,Lorenzo Amoruso,3
Anderson,Viv,Viv Anderson,3
Arter,Harry,Harry Arter,3
Asensio,Marco,Marco Asensio,3
Atsu,Christian,Christian Atsu,3
Aurélio Rodrigues,Fábio,Fábio Aurélio,3
Balbuena,Fabián,Fabián Balbuena,3
Baleba,Carlos,Carlos Baleba,3
Ball,Kevin,Kevin Ball,3
Bardsley,David,David Bardsley,3
Bartley,Kyle,Kyle Bartley,3
Bassey,Calvin,Calvin Bassey,3
Beasley,DaMarcus,DaMarcus Beasley,3
Beausejour,Jean,Jean Beausejour,3
Benarbia,Ali,Ali Benarbia,3
Benitez,Christian,Christian Benitez,3
Bennett,Ryan,Ryan Bennett,3
Berge,Sander,Sander Berge,3
Berti,Nicola,Nicola Berti,3
Blake,Mark,Mark Blake,3
Blinker,Regi,Regi Blinker,3
Blissett,Gary,Gary Blissett,3
Boateng,Kevin-Prince,Kevin-Prince Boateng,3
Bosingwa da Silva,José,José Bosingwa,3
Botman,Sven,Sven Botman,3
Boufal,Sofiane,Sofiane Boufal,3
Bradshaw,Carl,Carl Bradshaw,3
Branch,Paul Michael,Paul Michael Branch,3
Breacker,Tim,Tim Breacker,3
Breen,Gary,Gary Breen,3
Brennan,Mark,Mark Brennan,3
Bridge,Wayne,Wayne Bridge,3
Bryson,Ian,Ian Bryson,3
Burrows,David,David Burrows,3
Calafiori,Riccardo,Riccardo Calafiori,3
Caldwell,Steven,Steven Caldwell,3
Campbell,Joel,Joel Campbell,3
Canós,Sergi,Sergi Canós,3
Carragher,Jamie,Jamie Carragher,3
Carter,Darren,Darren Carter,3
Chadwick,Nick,Nick Chadwick,3
Charles,Gary,Gary Charles,3
Charlton,Simon,Simon Charlton,3
Charvet,Laurent,Laurent Charvet,3
Cherki,Rayan,Rayan Cherki,3
Chester,James,James Chester,3
Chukwueze,Samuel,Samuel Chukwueze,3
Clichy,Gaël,Gaël Clichy,3
Collins,John,John Collins,3
Collins,Danny,Danny Collins,3
Colwill,Levi,Levi Colwill,3
Cook,Paul,Paul Cook,3
Corradi,Bernardo,Bernardo Corradi,3
Costa dos Santos,Murillo Santiago,Murillo,3
Cotterill,Steve,Steve Cotterill,3
Creaney,Gerry,Gerry Creaney,3
Crook,Ian,Ian Crook,3
Cuéllar Jiménez,Carlos Javier,Carlos Cuellar,3
Cygan,Pascal,Pascal Cygan,3
da Costa Trindade,Manuel Marouan,Manuel da Costa,3
Dahl Tomasson,Jon,Jon Dahl Tomasson,3
Daley,Tony,Tony Daley,3
Dalmat,Stéphane,Stéphane Dalmat,3
de Ligt,Matthijs,Matthijs de Ligt,3
Delaney,Damien,Damien Delaney,3
Demichelis,Martín,Martín Demichelis,3
Devlin,Paul,Paul Devlin,3
Di María,Ángel,Ángel Di María,3
Diagne,Mbaye,Mbaye Diagne,3
Disasi,Axel,Axel Disasi,3
Djenepo,Moussa,Moussa Djenepo,3
Domi,Didier,Didier Domi,3
Domínguez,Nicolás,Nicolás Domínguez,3
Donaghy,Mal,Mal Donaghy,3
Donaldson,O'Neill,O'Neill Donaldson,3
Dorgu,Patrick,Patrick Dorgu,3
Dorigo,Tony,Tony Dorigo,3
Drenthe,Royston,Royston Drenthe,3
Dummett,Paul,Paul Dummett,3
El Ahmadi,Karim,Karim El Ahmadi,3
Eustace,John,John Eustace,3
Féghouli,Sofiane,Sofiane Féghouli,3
Ferguson,Barry,Barry Ferguson,3
Fernandes,Gelson,Gelson Fernandes,3
Ferreira Silva,João Pedro,Jota Silva,3
Fleck,Robert,Robert Fleck,3
Füllkrug,Niclas,Niclas Füllkrug,3
Ganchinho Guedes,Gonçalo Manuel,Gonçalo Guedes,3
Ganea,Ioan Viorel,Ioan Viorel Ganea,3
Garner,James,James Garner,3
Gaudino,Maurizio,Maurizio Gaudino,3
Givet,Gaël,Gaël Givet,3
Goddard,Paul,Paul Goddard,3
Granville,Danny,Danny Granville,3
Gray,Julian,Julian Gray,3
Green,Scott,Scott Green,3
Gunnarsson,Brynjar,Brynjar Gunnarsson,3
Gunnlaugsson,Arnar,Arnar Gunnlaugsson,3
Gynn,Micky,Micky Gynn,3
Hall,Gareth,Gareth Hall,3
Harkness,Steve,Steve Harkness,3
Harley,Jon,Jon Harley,3
Hause,Kortney,Kortney Hause,3
Heggem,Vegard,Vegard Heggem,3
Heitinga,John,John Heitinga,3
Henderson,Darius,Darius Henderson,3
Henry,Rico,Rico Henry,3
Hirst,George,George Hirst,3
Hodge,Steve,Steve Hodge,3
Holgate,Mason,Mason Holgate,3
Horne,Barry,Barry Horne,3
Hughes,David,David Hughes,3
Huijsen,Dean,Dean Huijsen,3
Hutton,Alan,Alan Hutton,3
Hyde,Micah,Micah Hyde,3
Iborra,Vicente,Vicente Iborra,3
Ince,Tom,Tom Ince,3
Jenkinson,Carl,Carl Jenkinson,3
Johnson,Ben,Ben Johnson,3
Johnson,Richard,Richard Johnson,3
Johnston,Mo,Mo Johnston,3
Jones,Steve,Steve Jones,3
Jones,Billy,Billy Jones,3
Jones,David,David Jones,3
Kamara,Aboubakar,Aboubakar Kamara,3
Kasami,Pajtim,Pajtim Kasami,3
Kerkez,Milos,Milos Kerkez,3
Kernaghan,Alan,Alan Kernaghan,3
Khazri,Wahbi,Wahbi Khazri,3
Kilman,Maximilian,Maximilian Kilman,3
Kinder,Vladimir,Vladimir Kinder,3
Kiwior,Jakub,Jakub Kiwior,3
Kolkka,Joonas,Joonas Kolkka,3
Koné,Lamine,Lamine Koné,3
Koren,Robert,Robert Koren,3
Kovác,Radoslav,Radoslav Kovác,3
Kristensen,Rasmus,Rasmus Kristensen,3
Kyrgiakos,Sotirios,Sotirios Kyrgiakos,3
Lamptey,Tariq,Tariq Lamptey,3
Laursen,Jacob,Jacob Laursen,3
Le Tallec,Anthony,Anthony Le Tallec,3
Lens,Jeremain,Jeremain Lens,3
Lewis,Rico,Rico Lewis,3
Lo Celso,Giovani,Giovani Lo Celso,3
Locadia,Jürgen,Jürgen Locadia,3
Mainoo,Kobbie,Kobbie Mainoo,3
Maja,Josh,Josh Maja,3
Mangala,Orel,Orel Mangala,3
Marinelli,Carlos,Carlos Marinelli,3
Martínez,Lisandro,Lisandro Martínez,3
Mason,Ryan,Ryan Mason,3
Matteo,Dominic,Dominic Matteo,3
McCleary,Garath,Garath McCleary,3
McDonald,Alan,Alan McDonald,3
McGregor,Paul,Paul McGregor,3
McKinlay,Billy,Billy McKinlay,3
McPhail,Stephen,Stephen McPhail,3
McSheffrey,Gary,Gary McSheffrey,3
Mellor,Neil,Neil Mellor,3
Mendes Campos Júnior,Sylvinho,Sylvinho,3
Miley,Lewis,Lewis Miley,3
Miller,Tommy,Tommy Miller,3
Miller,Ishmael,Ishmael Miller,3
Moreno,Alberto,Alberto Moreno,3
Morris,Chris,Chris Morris,3
Morrison,Sean,Sean Morrison,3
Morrison,Ravel,Ravel Morrison,3
Mullins,Hayden,Hayden Mullins,3
Munetsi,Marshall,Marshall Munetsi,3
Murphy,Josh,Josh Murphy,3
Musampa,Kiki,Kiki Musampa,3
Nade,Christian,Christian Nade,3
Nayim,Mohamed,Nayim,3
Newman,Ricky,Ricky Newman,3
Nicholls,Mark,Mark Nicholls,3
Nunes,Matheus Luiz,Matheus Nunes,3
O'Connor,Garry,Garry O'Connor,3
O'Riley,Matt,Matt O'Riley,3
O'Shea,Dara,Dara O'Shea,3
Obiang,Pedro,Pedro Obiang,3
Obinna,Victor,Victor Obinna,3
Olofinjana,Seyi,Seyi Olofinjana,3
Osborn,Simon,Simon Osborn,3
Osula,William,William Osula,3
Osvaldo,Daniel,Daniel Osvaldo,3
Papastathopoulos,Sokratis,Sokratis Papastathopoulos,3
Parkinson,Joe,Joe Parkinson,3
Peralta,Sixto,Sixto Peralta,3
Pereira Baptista,Julio César,Julio Baptista,3
Phillips,Jimmy,Jimmy Phillips,3
Pointon,Neil,Neil Pointon,3
Pollock,Jamie,Jamie Pollock,3
Popescu,Gheorghe,Gheorghe Popescu,3
Porfirio,Hugo,Hugo Porfirio,3
Praet,Dennis,Dennis Praet,3
Primus,Linvoy,Linvoy Primus,3
Pritchard,Alex,Alex Pritchard,3
Prödl,Sebastian,Sebastian Prödl,3
Quashie,Nigel,Nigel Quashie,3
Quinn,Alan,Alan Quinn,3
Quinn,Stephen,Stephen Quinn,3
Ready,Karl,Karl Ready,3
Richards,Chris,Chris Richards,3
Roberts,Andy,Andy Roberts,3
Rush,Matthew,Matthew Rush,3
Sakho,Mamadou,Mamadou Sakho,3
Sánchez,Davinson,Davinson Sánchez,3
Scales,John,John Scales,3
Scamacca,Gianluca,Gianluca Scamacca,3
Scimeca,Riccardo,Riccardo Scimeca,3
Scott,Alex,Alex Scott,3
Shaw,Luke,Luke Shaw,3
Shorey,Nicky,Nicky Shorey,3
Simpson,Fitzroy,Fitzroy Simpson,3
Sonner,Danny,Danny Sonner,3
Stimac,Igor,Igor Stimac,3
Sulemana,Kamaldeen,Kamaldeen Sulemana,3
Sun,Jihai,Sun Jihai,3
Sutch,Daryl,Daryl Sutch,3
Tainio,Teemu,Teemu Tainio,3
Talbi,Chemsdine,Chemsdine Talbi,3
Targett,Matt,Matt Targett,3
Tarnat,Michael,Michael Tarnat,3
Taylor,Martin,Martin Taylor,3
Taylor,Bob,Bob Taylor,3
Tete,Kenny,Kenny Tete,3
Thomas,Geoff,Geoff Thomas,3
Thome,Emerson Augusto,Emerson Thome,3
Thompson,Neil,Neil Thompson,3
Tiler,Carl,Carl Tiler,3
Torreira,Lucas,Lucas Torreira,3
Tristán Herrera,Diego,Diego Tristán,3
Trustfull,Orlando,Orlando Trustfull,3
Turner,Andy,Andy Turner,3
van de Beek,Donny,Donny van de Beek,3
van La Parra,Rajiv,Rajiv van La Parra,3
Vargas,Eduardo,Eduardo Vargas,3
Vellios,Apostolos,Apostolos Vellios,3
Vennegoor of Hesselink,Jan,Jan Vennegoor of Hesselink,3
Villa,Emanuel,Emanuel Villa,3
Walker-Peters,Kyle,Kyle Walker-Peters,3
Wallace,Ross,Ross Wallace,3
Watmore,Duncan,Duncan Watmore,3
Whittaker,Steven,Steven Whittaker,3
Widdrington,Tommy,Tommy Widdrington,3
Wijnhard,Clyde,Clyde Wijnhard,3
Wilkins,Ray,Ray Wilkins,3
Williams,Neco,Neco Williams,3
Wilson,James,James Wilson,3
Wilson,Stuart,Stuart Wilson,3
Worthington,Nigel,Nigel Worthington,3
Wreh,Christopher,Christopher Wreh,3
Wright,Jermaine,Jermaine Wright,3
Yallop,Frank,Frank Yallop,3
Yates,Ryan,Ryan Yates,3
Youds,Eddie,Eddie Youds,3
Zagorakis,Theo,Theo Zagorakis,3
Zayatte,Kamil,Kamil Zayatte,3
Zubar,Ronald,Ronald Zubar,3
Zuniga,Herlyn,Herlyn Zuniga,3
Aarons,Rolando,Rolando Aarons,2
Abdi,Almen,Almen Abdi,2
Adams,Tyler,Tyler Adams,2
Afellay,Ibrahim,Ibrahim Afellay,2
Agnew,Steve,Steve Agnew,2
Ahmed,Ramadan Sobhi Ramadan,Ramadan Sobhi,2
Ahmedhodzic,Anel,Anel Ahmedhodzic,2
Ainsworth,Gareth,Gareth Ainsworth,2
Ajayi,Semi,Semi Ajayi,2
Akanji,Manuel,Manuel Akanji,2
Alcântara,Thiago,Thiago Alcântara,2
Alioski,Ezgjan,Ezgjan Alioski,2
Allen,Rory,Rory Allen,2
Allen,Clive,Clive Allen,2
Almeida de Oliveira Gonçalves,Estêvão Willian,Estêvão,2
Altidore,Jozy,Jozy Altidore,2
Aluko,Sone,Sone Aluko,2
Amartey,Daniel,Daniel Amartey,2
Ameobi,Sammy,Sammy Ameobi,2
Anita,Vurnon,Vurnon Anita,2
Arbeloa,Álvaro,Álvaro Arbeloa,2
Arokodare,Tolu,Tolu Arokodare,2
Bakayoko,Tiémoué,Tiémoué Bakayoko,2
Baldock,George,George Baldock,2
Balis,Igor,Igor Balis,2
Ballard,Dan,Dan Ballard,2
Bannan,Barry,Barry Bannan,2
Baptiste,Alex,Alex Baptiste,2
Baptiste,Shandon,Shandon Baptiste,2
Beesley,Paul,Paul Beesley,2
Bennett,Elliott,Elliott Bennett,2
Beresford,John,John Beresford,2
Berry,Luke,Luke Berry,2
Bifouma,Thievy,Thievy Bifouma,2
Bilic,Slaven,Slaven Bilic,2
Biscan,Igor,Igor Biscan,2
Bjornebye,Stig Inge,Stig Inge Bjornebye,2
Blackmore,Clayton,Clayton Blackmore,2
Blomqvist,Jesper,Jesper Blomqvist,2
Borgetti,Jared,Jared Borgetti,2
Borrows,Brian,Brian Borrows,2
Bosancic,Jovo,Jovo Bosancic,2
Bosvelt,Paul,Paul Bosvelt,2
Bould,Steve,Steve Bould,2
Britos,Miguel,Miguel Britos,2
Broadhead,Nathan,Nathan Broadhead,2
Brown,Jacob,Jacob Brown,2
Brown,Steve,Steve Brown,2
Bueno,Santiago,Santiago Bueno,2
Butler,Paul,Paul Butler,2
Büttner,Alexander,Alexander Büttner,2
Buzsáky,Ákos,Ákos Buzsáky,2
Cameron,Geoff,Geoff Cameron,2
Carroll,Tom,Tom Carroll,2
Carter,Jimmy,Jimmy Carter,2
Castellanos,Valentín,Valentín Castellanos,2
Chadwick,Luke,Luke Chadwick,2
Chettle,Steve,Steve Chettle,2
Cheyrou,Bruno,Bruno Cheyrou,2
Chiesa,Federico,Federico Chiesa,2
Chippo,Youssef,Youssef Chippo,2
Coleman,Simon,Simon Coleman,2
Contreiras Gonçalves,Mateus Alberto,Manucho,2
Cooper,Liam,Liam Cooper,2
Cordone,Daniel,Daniel Cordone,2
Corluka,Vedran,Vedran Corluka,2
Cresswell,Richard,Richard Cresswell,2
Cutrone,Patrick,Patrick Cutrone,2
Da Cruz Carvalho,Daniel,Dani,2
da Silva Costa Xavier,Abel Luís,Abel Xavier,2
Daish,Liam,Liam Daish,2
Danjuma,Arnaut,Arnaut Danjuma,2
Darcheville,Jean-Claude,Jean-Claude Darcheville,2
Davenport,Calum,Calum Davenport,2
Davidson,Callum,Callum Davidson,2
Dawson,Andy,Andy Dawson,2
De Cuyper,Maxim,Maxim De Cuyper,2
de la Cruz,Ulises,Ulises de la Cruz,2
De Laet,Ritchie,Ritchie De Laet,2
Debuchy,Mathieu,Mathieu Debuchy,2
Defour,Steven,Steven Defour,2
Delaney,Mark,Mark Delaney,2
Delfouneso,Nathan,Nathan Delfouneso,2
DeMerit,Jay,Jay DeMerit,2
Depay,Memphis,Memphis Depay,2
Devenny,Justin,Justin Devenny,2
Diao,Salif,Salif Diao,2
Diarra,Habib,Habib Diarra,2
Dibling,Tyler,Tyler Dibling,2
Diomande,Adama,Adama Diomande,2
Dixon,Kerry,Kerry Dixon,2
Donis,Giorgos,Giorgos Donis,2
Donovan,Landon,Landon Donovan,2
dos Santos,André Clarindo,André Santos,2
Doughty,Alfie,Alfie Doughty,2
Edgar,David,David Edgar,2
Egan,John,John Egan,2
El Khannouss,Bilal,Bilal El Khannouss,2
El-Khalej,Tahar,Tahar El-Khalej,2
Elia,Eljero,Eljero Elia,2
Elkins,Gary,Gary Elkins,2
Elliott,Stephen,Stephen Elliott,2
Elokobi,George,George Elokobi,2
Enrique Sanchez Diaz,Jose,José Enrique,2
Faes,Wout,Wout Faes,2
Farrelly,Gareth,Gareth Farrelly,2
Fati,Ansu,Ansu Fati,2
Femenía,Kiko,Kiko Femenía,2
Fernandes Fernandes,Manuel Henriques,Manuel Fernandes,2
Ferreira Viana,Hugo Miguel,Hugo Viana,2
Ferreira Vieira,Fábio Daniel,Fábio Vieira,2
Fleming,Curtis,Curtis Fleming,2
Flores Moreno,Jose Manuel,Chico Flores,2
Foley,Kevin,Kevin Foley,2
Fox,Daniel,Daniel Fox,2
Fredericks,Ryan,Ryan Fredericks,2
Fryatt,Matty,Matty Fryatt,2
Fuchs,Christian,Christian Fuchs,2
García Fernández,Francisco Javier,Javi García,2
Gardner,Anthony,Anthony Gardner,2
Garrido Behovide,Javier,Javier Garrido,2
Gee,Phil,Phil Gee,2
Gelhardt,Joe,Joe Gelhardt,2
Ghoddos,Saman,Saman Ghoddos,2
Gibbs,Kieran,Kieran Gibbs,2
Gibson,Ben,Ben Gibson,2
Gil,Carles,Carles Gil,2
Gnonto,Wilfried,Wilfried Gnonto,2
Gohouri,Steve,Steve Gohouri,2
Gomes,Tote António,Toti Gomes,2
González,Nico,Nico González,2
González,Mark,Mark González,2
González Díaz,Jorge,Yordi,2
Goodwillie,David,David Goodwillie,2
Grabbi,Corrado,Corrado Grabbi,2
Grant,Tony,Tony Grant,2
Gravelaine,Xavier,Xavier Gravelaine,2
Gray,Andrew,Andrew Gray,2
Gray,Archie,Archie Gray,2
Griffin,Andy,Andy Griffin,2
Griffit,Leandre,Leandre Griffit,2
Groves,Perry,Perry Groves,2
Gruda,Brajan,Brajan Gruda,2
Gudjonsson,Johannes Karl,Johannes Karl Gudjonsson,2
Guédioura,Adlène,Adlène Guédioura,2
Gunnarsson,Aron,Aron Gunnarsson,2
Gusto,Malo,Malo Gusto,2
Hall,Lewis,Lewis Hall,2
Hall,Fitz,Fitz Hall,2
Hanley,Grant,Grant Hanley,2
Hargreaves,Owen,Owen Hargreaves,2
Harkes,John,John Harkes,2
Hateley,Mark,Mark Hateley,2
Hazard,Micky,Micky Hazard,2
Hegazy,Ahmed El Sayed Ali El Sayed,Ahmed Hegazy,2
Hemed,Tomer,Tomer Hemed,2
Hendry,John,John Hendry,2
Holden,Stuart,Stuart Holden,2
Holding,Rob,Rob Holding,2
Holtby,Lewis,Lewis Holtby,2
Horlock,Kevin,Kevin Horlock,2
Hottiger,Marc,Marc Hottiger,2
Howe,Stephen,Bobby Howe,2
Hoyland,Jamie,Jamie Hoyland,2
Hoyte,Justin,Justin Hoyte,2
Hughes,Paul,Paul Hughes,2
Hunt,Jonathan,Jonathan Hunt,2
Hunt,Noel,Noel Hunt,2
Hurst,Lee,Lee Hurst,2
Imbula,Giannelli,Giannelli Imbula,2
Ingesson,Klas,Klas Ingesson,2
Jacobs,Wayne,Wayne Jacobs,2
Jahanbakhsh,Alireza,Alireza Jahanbakhsh,2
Jakobsson,Andreas,Andreas Jakobsson,2
Janssen,Vincent,Vincent Janssen,2
Jebbison,Daniel,Daniel Jebbison,2
Ji,Dong-Won,Ji Dong-Won,2
Johnson,Michael,Michael Johnson,2
Johnson,Roger,Roger Johnson,2
Johnson,Andy,Andy Johnson,2
Johnston,Allan,Allan Johnston,2
Jones,Cobi,Cobi Jones,2
Jones,Phil,Phil Jones,2
Kalajdzic,Sasa,Sasa Kalajdzic,2
Kamara,Boubacar,Boubacar Kamara,2
Kean,Moise,Moise Kean,2
Kelly,Gary,Gary Kelly,2
Kelly,Stephen,Stephen Kelly,2
Kennedy,Mark,Mark Kennedy,2
Kilgallon,Matthew,Matthew Kilgallon,2
Kirovski,Jovan,Jovan Kirovski,2
Kishishev,Radostin,Radostin Kishishev,2
Kjeldbjerg,Jakob,Jakob Kjeldbjerg,2
Kléberson Pereira,José,Kléberson,2
Kolasinac,Sead,Sead Kolasinac,2
Konaté,Ibrahima,Ibrahima Konaté,2
Kostoulas,Charalampos,Charalampos Kostoulas,2
Koulibaly,Kalidou,Kalidou Koulibaly,2
Kramaric,Andrej,Andrej Kramaric,2
Krejcí,Ladislav,Ladislav Krejcí,2
Lacroix,Maxence,Maxence Lacroix,2
Lamah,Roland,Roland Lamah,2
Lambourde,Bernard,Bernard Lambourde,2
Leigertwood,Mikele,Mikele Leigertwood,2
Lejeune,Florian,Florian Lejeune,2
Livramento,Tino,Tino Livramento,2
Longstaff,Matthew,Matty Longstaff,2
Lukic,Sasa,Sasa Lukic,2
Lund,Andreas,Andreas Lund,2
Lyttle,Des,Des Lyttle,2
Mabbutt,Gary,Gary Mabbutt,2
Machado Mota de Castro Trincão,Francisco António,Trincão,2
Maciel da Cruz,Igor Jesus,Igor Jesus,2
Macken,Jonathan,Jonathan Macken,2
Mahon,Alan,Alan Mahon,2
Makelele,Claude,Claude Makelele,2
Makin,Chris,Chris Makin,2
Mané,Mateus,Mateus Mané,2
Manquillo,Javier,Javier Manquillo,2
Mariappa,Adrian,Adrian Mariappa,2
Marques Soares,Isaias,Isaías,2
Martin,Alvin,Alvin Martin,2
Mayenda,Eliezer,Eliezer Mayenda,2
McCall,Stuart,Stuart McCall,2
McEveley,James,Jay McEveley,2
McGreal,John,John McGreal,2
McInnes,Derek,Derek McInnes,2
McLean,Kenny,Kenny McLean,2
McManaman,Callum,Callum McManaman,2
McShane,Paul,Paul McShane,2
McVeigh,Paul,Paul McVeigh,2
Mejbri,Hannibal,Hannibal Mejbri,2
Melville,Andy,Andy Melville,2
Mendy,Bernard,Bernard Mendy,2
Mendy,Benjamin,Benjamin Mendy,2
Mohan,Nicky,Nicky Mohan,2
Montella,Vincenzo,Vincenzo Montella,2
Mooney,Tommy,Tommy Mooney,2
Moore,Darren,Darren Moore,2
Moore,Stefan,Stefan Moore,2
Moore,Kevin,Kevin Moore,2
Moreno,Álex,Álex Moreno,2
Morgan,Steve,Steve Morgan,2
Musa,Ahmed,Ahmed Musa,2
Mwepu,Enock,Enock Mwepu,2
Myers,Andy,Andy Myers,2
Naval da Costa Eduardo,João Mário,João Mário,2
Naylor,Richard,Richard Naylor,2
Ndiaye,Badou,Badou Ndiaye,2
Niang,M'Baye,M'Baye Niang,2
Norwood,Oliver,Oliver Norwood,2
O'Brien,Joseph,Joseph O'Brien,2
O'Brien,Jake,Jake O'Brien,2
Oakes,Stefan,Stefan Oakes,2
Obertan,Gabriel,Gabriel Obertan,2
Omoyinmi,Manny,Manny Omoyinmi,2
Ooijer,André,André Ooijer,2
Ord,Richard,Richard Ord,2
Osho,Gabriel,Gabriel Osho,2
Oster,John,John Oster,2
Oviedo,Bryan,Bryan Oviedo,2
Paloschi,Alberto,Alberto Paloschi,2
Parnaby,Stuart,Stuart Parnaby,2
Perraud,Romain,Romain Perraud,2
Philogene,Jaden,Jaden Philogene,2
Pino,Yéremy,Yéremy Pino,2
Pistone,Alessandro,Alessandro Pistone,2
Pizarro,Claudio,Claudio Pizarro,2
Powell,Chris,Chris Powell,2
Prior,Spencer,Spencer Prior,2
Priskin,Tamás,Tamás Priskin,2
Proctor,Michael,Michael Proctor,2
Pröpper,Davy,Davy Pröpper,2
Prutton,David,David Prutton,2
Quansah,Jarell,Jarell Quansah,2
Raducioiu,Florin,Florin Raducioiu,2
Ramis,Iván,Iván Ramis,2
Ranocchia,Andrea,Andrea Ranocchia,2
Ream,Tim,Tim Ream,2
Reguilón,Sergio,Sergio Reguilón,2
Riedewald,Jairo,Jairo Riedewald,2
Roberts,Tyler,Tyler Roberts,2
Robson,Bryan,Bryan Robson,2
Rochina,Rubén,Rubén Rochina,2
Rodon,Joe,Joe Rodon,2
Roerslev,Mads,Mads Roerslev,2
Sagbo,Yannick,Yannick Sagbo,2
Samuel,Jlloyd,Jlloyd Samuel,2
Sangaré,Ibrahim,Ibrahim Sangaré,2
Sargent,Josh,Josh Sargent,2
Savona,Nicolò,Nicolò Savona,2
Schnoor,Stefan,Stefan Schnoor,2
Scott,Andrew,Andrew Scott,2
Sears,Freddie,Freddie Sears,2
Shaw,Paul,Paul Shaw,2
Silva,Darío,Darío Silva,2
Simplício Rocha,Rayan Vitor,Rayan,2
Simpson,Paul,Paul Simpson,2
Slater,Stuart,Stuart Slater,2
Stalteri,Paul,Paul Stalteri,2
Stevens,Enda,Enda Stevens,2
Stockdale,Robbie,Robbie Stockdale,2
Strandli,Frank,Frank Strandli,2
Success,Isaac,Isaac Success,2
Sükür,Hakan,Hakan Sükür,2
Symons,Kit,Kit Symons,2
Tal,Idan,Idan Tal,2
Tanaka,Ao,Ao Tanaka,2
Tanner,Adam,Adam Tanner,2
Taricco,Mauricio,Mauricio Taricco,2
Tavares Gomes,André Filipe,André Gomes,2
Teale,Shaun,Shaun Teale,2
Teymourian,Andranik,Andranik Teymourian,2
Thorn,Andy,Andy Thorn,2
Tiatto,Danny,Danny Tiatto,2
Tinkler,Eric,Eric Tinkler,2
Tomiyasu,Takehiro,Takehiro Tomiyasu,2
Tonge,Michael,Michael Tonge,2
Torres,Pau,Pau Torres,2
Torres Ruiz,Juan,Juan Cala,2
Udogie,Destiny,Destiny Udogie,2
Valery,Yan,Yan Valery,2
van Bronckhorst,Giovanni,Giovanni van Bronckhorst,2
van der Hoorn,Mike,Mike van der Hoorn,2
van der Laan,Robin,Robin van der Laan,2
Varane,Raphaël,Raphaël Varane,2
Vickers,Steve,Steve Vickers,2
Viña,Matías,Matías Viña,2
Vlaar,Ron,Ron Vlaar,2
Volz,Moritz,Moritz Volz,2
Walker,Richard,Richard Walker,2
Ward,Mark,Mark Ward,2
Watts,Julian,Julian Watts,2
Weghorst,Wout,Wout Weghorst,2
Whelan,Ronnie,Ronnie Whelan,2
Whitlow,Mike,Mike Whitlow,2
Wiekens,Gerard,Gerard Wiekens,2
Willems,Ron,Ron Willems,2
Willems,Jetro,Jetro Willems,2
Williams,Darren,Darren Williams,2
Willis,Jimmy,Jimmy Willis,2
Wilnis,Fabian,Fabian Wilnis,2
Wilson,Danny,Danny Wilson,2
Winks,Harry,Harry Winks,2
Woodrow,Cauley,Cauley Woodrow,2
Wright-Phillips,Bradley,Bradley Wright-Phillips,2
Yebda,Hassan,Hassan Yebda,2
Yedlin,DeAndre,DeAndre Yedlin,2
Zaniolo,Nicolò,Nicolò Zaniolo,2
Zinchenko,Oleksandr,Oleksandr Zinchenko,2
Acheampong,Josh,Josh Acheampong,1
Agbadou,Emmanuel,Emmanuel Agbadou,1
Al Dakhil,Ameen,Ameen Al Dakhil,1
Albrechtsen,Martin,Martin Albrechtsen,1
Alderete,Omar,Omar Alderete,1
Allen,Chris,Chris Allen,1
Alpay,Özalan,Özalan Alpay,1
Álvarez,Edson,Edson Álvarez,1
Alzate,Steven,Steven Alzate,1
Amorebieta,Fernando,Fernando Amorebieta,1
Ampadu,Ethan,Ethan Ampadu,1
Andersen,Mads,Mads Andersen,1
Andresen,Martin,Martin Andresen,1
Angell,Brett,Brett Angell,1
Aquilani,Alberto,Alberto Aquilani,1
Arias,Jhon,Jhon Arias,1
Ashbee,Ian,Ian Ashbee,1
Assignon,Lorenz,Lorenz Assignon,1
Atkinson,Will,Will Atkinson,1
Atouba,Thimothée,Thimothée Atouba,1
Ayala,Daniel,Daniel Ayala,1
Ayité,Floyd,Floyd Ayité,1
Bacuna,Juninho,Juninho Bacuna,1
Badiashile,Benoît,Benoît Badiashile,1
Badir,Walid,Walid Badir,1
Baggio,Dino,Dino Baggio,1
Bailey,Dennis,Dennis Bailey,1
Bailly,Eric,Eric Bailly,1
Bajcetic,Stefan,Stefan Bajcetic,1
Balogun,Leon,Leon Balogun,1
Barnes,Giles,Giles Barnes,1
Barnett,Leon,Leon Barnett,1
Barrett,Earl,Earl Barrett,1
Barrow,Modou,Modou Barrow,1
Basham,Chris,Chris Basham,1
Basham,Steve,Steve Basham,1
Bassedas,Christian,Christian Bassedas,1
Bastón,Borja,Borja Bastón,1
Bates,Matthew,Matthew Bates,1
Beattie,Craig,Craig Beattie,1
Becker,Alisson Ramsés,Alisson Becker,1
Begovic,Asmir,Asmir Begovic,1
Beinlich,Stefan,Stefan Beinlich,1
Ben Haim,Tal,Tal Ben Haim,1
Benali,Francis,Francis Benali,1
Benjamin,Trevor,Trevor Benjamin,1
Bennett,Frankie,Frankie Bennett,1
Bergvall,Lucas,Lucas Bergvall,1
Berry,Greg,Greg Berry,1
Beye,Habib,Habib Beye,1
Bigirimana,Gaël,Gaël Bigirimana,1
Bijol,Jaka,Jaka Bijol,1
Blackstock,Dexter,Dexter Blackstock,1
Blanc,Laurent,Laurent Blanc,1
Blanco González,Kepa,Kepa,1
Bobb,Oscar,Oscar Bobb,1
Boertien,Paul,Paul Boertien,1
Bonalair,Thierry,Thierry Bonalair,1
Bouma,Wilfred,Wilfred Bouma,1
Bowry,Bobby,Bobby Bowry,1
Boyata,Dedryck,Dedryck Boyata,1
Bozhinov,Valeri Emilov,Valeri Emilov Bozhinov,1
Braaten,Daniel,Daniel Braaten,1
Bracewell,Paul,Paul Bracewell,1
Bradley,Conor,Conor Bradley,1
Braga de Sá,Orlando Carlos,Orlando Sá,1
Brevett,Rufus,Rufus Brevett,1
Brightwell,Ian,Ian Brightwell,1
Brightwell,David,David Brightwell,1
Briscoe,Lee,Lee Briscoe,1
Brown,Chris,Chris Brown,1
Bryan,Joe,Joe Bryan,1
Bryan,Kean,Kean Bryan,1
Bueno,Hugo,Hugo Bueno,1
Bull,Gary,Gary Bull,1
Burchill,Mark,Mark Burchill,1
Burke,Oliver,Oliver Burke,1
Butler,Peter,Peter Butler,1
Butterworth,Ian,Ian Butterworth,1
Cabella,Rémy,Rémy Cabella,1
Cabral Semedo,Nélson,Nélson Semedo,1
Cajuste,Jens,Jens Cajuste,1
Caleta-Car,Duje,Duje Caleta-Car,1
Calleri,Jonathan,Jonathan Calleri,1
Camara,Zoumana,Zoumana Camara,1
Cardoso Lemos Martins,Mateus,Tetê,1
Carrillo,André,André Carrillo,1
Carteron,Patrice,Patrice Carteron,1
Casiraghi,Pierluigi,Pierluigi Casiraghi,1
Castro Oliveira,Nélson Miguel,Nélson Oliveira,1
Channing,Justin,Justin Channing,1
Chaplin,Conor,Conor Chaplin,1
Chiriches,Vlad,Vlad Chiriches,1
Choudhury,Hamza,Hamza Choudhury,1
Christanval,Philippe,Philippe Christanval,1
Chukwuemeka,Carney,Carney Chukwuemeka,1
Cissé,Kalifa,Kalifa Cissé,1
Clark,Jordan,Jordan Clark,1
Clarke,Steve,Steve Clarke,1
Clasie,Jordy,Jordy Clasie,1
Coates,Sebastián,Sebastián Coates,1
Colleter,Patrick,Patrick Colleter,1
Connolly,David,David Connolly,1
Cook,Lewis,Lewis Cook,1
Cotterill,David,David Cotterill,1
Couzens,Andrew,Andrew Couzens,1
Cowans,Gordon,Gordon Cowans,1
Cox,Simon,Simon Cox,1
Croft,Gary,Gary Croft,1
Croft,Lee,Lee Croft,1
Crosby,Gary,Gary Crosby,1
Crusat,Albert,Albert Crusat,1
Cullen,Mark,Mark Cullen,1
Culverhouse,Ian,Ian Culverhouse,1
Cundy,Jason,Jason Cundy,1
D'Alessandro,Andrés,Andrés D'Alessandro,1
da Silva,Cláudio Roberto,Caçapa,1
da Silva,Willian José,Willian José,1
da Silva Melo,Gilberto,Gilberto,1
Dalglish,Paul,Paul Dalglish,1
Darmian,Matteo,Matteo Darmian,1
David,Christofer,Chris David,1
Davids,Edgar,Edgar Davids,1
Davis,Leif,Leif Davis,1
Davis,Paul,Paul Davis,1
Davis,Keinan,Keinan Davis,1
de Abreu,Gabriel Armando,Gabriel Paulista,1
de Jong,Siem,Siem de Jong,1
de Jong,Nigel,Nigel de Jong,1
de Souza Costa,Vinicius,Vinicius Souza,1
Del Horno,Asier,Asier Del Horno,1
Demel,Guy,Guy Demel,1
Derry,Shaun,Shaun Derry,1
Diakité,Samba,Samba Diakité,1
Diangana,Grady,Grady Diangana,1
Diarra,Lassana,Lassana Diarra,1
Diarra,Mahamadou,Mahamadou Diarra,1
Djetou,Martin,Martin Djetou,1
Djourou,Johan,Johan Djourou,1
Dobbin,Lewis,Lewis Dobbin,1
Dobbs,Gerald,Gerald Dobbs,1
Donnelly,Simon,Simon Donnelly,1
Dossena,Andrea,Andrea Dossena,1
Douglas,Jonathan,Jonathan Douglas,1
Dowell,Kieran,Kieran Dowell,1
Downes,Flynn,Flynn Downes,1
Dreyer,John,John Dreyer,1
Drmic,Josip,Josip Drmic,1
Drury,Adam,Adam Drury,1
Dryden,Richard,Richard Dryden,1
Dunne,Jimmy,Jimmy Dunne,1
Eardley,Neal,Neal Eardley,1
Earthy,George,George Earthy,1
Edman,Erik,Erik Edman,1
Edozie,Tom,Tom Edozie,1
Edwards,Marcus,Marcus Edwards,1
Edworthy,Marc,Marc Edworthy,1
El Sayed Ghaly,Hossam,Hossam Ghaly,1
Elm,David,David Elm,1
Elphick,Tommy,Tommy Elphick,1
Elsayed Elneny,Mohamed Naser,Mohamed Elneny,1
Emanuelson,Urby,Urby Emanuelson,1
Emnes,Marvin,Marvin Emnes,1
Endo,Wataru,Wataru Endo,1
Engels,Björn,Björn Engels,1
Espinoza,Roger,Roger Espinoza,1
Esse,Romain,Romain Esse,1
Etuhu,Kelvin,Kelvin Etuhu,1
Evans,Ched,Ched Evans,1
Evatt,Ian,Ian Evatt,1
Facey,Delroy,Delroy Facey,1
Fadiga,Khalilou,Khalilou Fadiga,1
Fahey,Keith,Keith Fahey,1
Faubert,Julien,Julien Faubert,1
Faurlin,Alejandro,Alejandro Faurlin,1
Faye,Amdy,Amdy Faye,1
Field,Sam,Sam Field,1
Finnan,Steve,Steve Finnan,1
Firpo,Junior,Junior Firpo,1
Flanagan,Jon,Jon Flanagan,1
Fleming,Craig,Craig Fleming,1
Fletcher,Carl,Carl Fletcher,1
Flood,William,Willo Flood,1
Fofana,Wesley,Wesley Fofana,1
Foley,Dominic,Dominic Foley,1
Ford,Mark,Mark Ford,1
Foxe,Hayden,Hayden Foxe,1
Foyth,Juan,Juan Foyth,1
França de Oliveira,Matheus,Matheus França,1
Freestone,Chris,Chris Freestone,1
Friedel,Brad,Brad Friedel,1
Fuertes,Esteban,Esteban Fuertes,1
Fullarton,Jamie,Jamie Fullarton,1
Furlong,Darnell,Darnell Furlong,1
Gaardsoe,Thomas,Thomas Gaardsoe,1
Gabbidon,Danny,Danny Gabbidon,1
Gallagher,Sam,Sam Gallagher,1
Gannon,John,John Gannon,1
García,Richard,Richard García,1
Gavilán,Diego,Diego Gavilán,1
George,Tyrique,Tyrique George,1
Ghezzal,Rachid,Rachid Ghezzal,1
Ghilas,Kamel,Kamel Ghilas,1
Gibson,Terry,Terry Gibson,1
Gilchrist,Alfie,Alfie Gilchrist,1
Gilchrist,Phil,Phil Gilchrist,1
Gnabry,Serge,Serge Gnabry,1
Goma,Alain,Alain Goma,1
Gonçalves Varela,Silvestre Manuel,Silvestre Varela,1
Goodridge,Greg,Greg Goodridge,1
Gordon,Dale,Dale Gordon,1
Gorenc Stankovic,Jon,Jon Gorenc Stankovic,1
Gorkss,Kaspars,Kaspars Gorkss,1
Gough,Richard,Richard Gough,1
Grabban,Lewis,Lewis Grabban,1
Gradel,Max,Max Gradel,1
Grainger,Martin,Martin Grainger,1
Grandin,Elliot,Elliot Grandin,1
Granero,Esteban,Esteban Granero,1
Gray,Andy,Andy Gray,1
Greaves,Jacob,Jacob Greaves,1
Greenwood,Sam,Sam Greenwood,1
Gregan,Sean,Sean Gregan,1
Gregory,David,David Gregory,1
Gresko,Vratislav,Vratislav Gresko,1
Gudjonsson,Thordur,Thordur Gudjonsson,1
Guessand,Evann,Evann Guessand,1
Gueye,Magaye,Magaye Gueye,1
Guivarc'h,Stephane,Stephane Guivarc'h,1
Hall,Marcus,Marcus Hall,1
Hansen,Bo,Bo Hansen,1
Harper,Kevin,Kevin Harper,1
Harris,Kadeem,Kadeem Harris,1
Harrop,Josh,Josh Harrop,1
Harwood-Bellis,Taylor,Taylor Harwood-Bellis,1
Heinze,Gabriel,Gabriel Heinze,1
Helder,Glenn,Glenn Helder,1
Henríquez,Ángelo,Ángelo Henríquez,1
Herd,Chris,Chris Herd,1
Hernández,Onel,Onel Hernández,1
Hierro,Fernando,Fernando Hierro,1
Hill,Andy,Andy Hill,1
Hill,Clint,Clint Hill,1
Hillier,David,David Hillier,1
Hincapié,Piero,Piero Hincapié,1
Hines,Zavon,Zavon Hines,1
Hjelde,Jon Olav,Jon Olav Hjelde,1
Hoddle,Glenn,Glenn Hoddle,1
Holman,Brett,Brett Holman,1
Howard,Steve,Steve Howard,1
Howard,Tim,Tim Howard,1
Hudson,Mark,Mark Hudson,1
Hughes,Ceri,Ceri Hughes,1
Hunt,Nicky,Nicky Hunt,1
Huntington,Paul,Paul Huntington,1
Hutchinson,Ben,Ben Hutchinson,1
Ibanez,Pablo,Pablo Ibáñez,1
Idah,Adam,Adam Idah,1
Jackson,Johnnie,Johnnie Jackson,1
Jara,Gonzalo,Gonzalo Jara,1
Jarvis,Ryan,Ryan Jarvis,1
Jenkinson,Leigh,Leigh Jenkinson,1
Jensen,John,John Jensen,1
Jensen,Niclas,Niclas Jensen,1
Jiménez,Álex,Álex Jiménez,1
Jiménez,Luis,Luis Jiménez,1
Jiménez Tejada,Francisco,Xisco,1
Johansen,Michael,Michael Johansen,1
Johnsen,Erland,Erland Johnsen,1
Jones,Matthew,Matthew Jones,1
Jones,Scott,Scott Jones,1
Jones,Keith,Keith Jones,1
Kachunga,Elias,Elias Kachunga,1
Kadioglu,Ferdi,Ferdi Kadioglu,1
Kakuta,Gaël,Gaël Kakuta,1
Kamara,Kei,Kei Kamara,1
Kamara,Hassane,Hassane Kamara,1
Karacan,Jem,Jem Karacan,1
Karadas,Azar,Azar Karadas,1
Karagounis,Giorgos,Giorgos Karagounis,1
Karl,Steffen,Steffen Karl,1
Kavanagh,Graham,Graham Kavanagh,1
Kavelashvili,Mikhail,Mikhail Kavelashvili,1
Kayal,Beram,Beram Kayal,1
Kazim-Richards,Colin,Colin Kazim-Richards,1
Kennedy,Peter,Peter Kennedy,1
Kenny,Billy,Billy Kenny,1
Keogh,Andy,Andy Keogh,1
Khizanishvili,Zurab,Zurab Khizanishvili,1
Kim,Bo-Kyung,Kim Bo-Kyung,1
King,Phil,Phil King,1
Klavan,Ragnar,Ragnar Klavan,1
Klose,Timm,Timm Klose,1
Koleosho,Luca,Luca Koleosho,1
Kolo Muani,Randal,Randal Kolo Muani,1
Kongolo,Terence,Terence Kongolo,1
Koroman,Ognjen,Ognjen Koroman,1
Krafth,Emil,Emil Krafth,1
Kucka,Juraj,Juraj Kucka,1
Kyle,Kevin,Kevin Kyle,1
Larsson,Henrik,Henrik Larsson,1
Laurent,Josh,Josh Laurent,1
Lavia,Roméo,Roméo Lavia,1
Layún,Miguel,Miguel Layún,1
Lazaro,Valentino,Valentino Lazaro,1
Lee,David,David Lee,1
Lees-Melou,Pierre,Pierre Lees-Melou,1
Lewis,Jamal,Jamal Lewis,1
Lewis-Skelly,Myles,Myles Lewis-Skelly,1
Lichaj,Eric,Eric Lichaj,1
Liddell,Andy,Andy Liddell,1
Lilley,Derek,Derek Lilley,1
Ling,Martin,Martin Ling,1
Lockyer,Tom,Tom Lockyer,1
Lolley,Joe,Joe Lolley,1
Long,Kevin,Kevin Long,1
Lucca,Lorenzo,Lorenzo Lucca,1
Lucic,Teddy,Teddy Lucic,1
Lugano,Diego,Diego Lugano,1
Luna,Antonio,Antonio Luna,1
Lundekvam,Claus,Claus Lundekvam,1
Luque,Albert,Albert Luque,1
M'Vila,Yann,Yann M'Vila,1
Maatsen,Ian,Ian Maatsen,1
Mabizela,Mbulelo,Mbulelo Mabizela,1
MacDonald,Charlie,Charlie MacDonald,1
Maddix,Danny,Danny Maddix,1
Magassa,Soungoutou,Soungoutou Magassa,1
Mahon,Gavin,Gavin Mahon,1
Maierhofer,Stefan,Stefan Maierhofer,1
Maitland-Niles,Ainsley,Ainsley Maitland-Niles,1
Malz,Stefan,Stefan Malz,1
Mara,Sékou,Sékou Mara,1
Marcolin,Dario,Dario Marcolin,1
Margas,Javier,Javier Margas,1
Marin,Marko,Marko Marin,1
Marker,Nicky,Nicky Marker,1
Marques Postiga,Hélder Manuel,Hélder Postiga,1
Marshall,Lee,Lee Marshall,1
Marshall,Scott,Scott Marshall,1
Martina,Cuco,Cuco Martina,1
Martínez,Williams,Williams Martínez,1
Martins Indi,Bruno,Bruno Martins Indi,1
Marveaux,Sylvain,Sylvain Marveaux,1
Mascherano,Javier,Javier Mascherano,1
Masina,Adam,Adam Masina,1
Masuaku,Arthur,Arthur Masuaku,1
Matejovsky,Marek,Marek Matejovsky,1
Materazzi,Marco,Marco Materazzi,1
Mavropanos,Konstantinos,Konstantinos Mavropanos,1
Mawene,Youl,Youl Mawene,1
Mbenza,Isaac,Isaac Mbenza,1
Mboma,Patrick,Patrick Mboma,1
McAteer,Kasey,Kasey McAteer,1
McCartney,George,George McCartney,1
McDonald,Kevin,Kevin McDonald,1
McGeady,Aiden,Aiden McGeady,1
McKinnon,Ray,Ray McKinnon,1
McMahon,Steve,Steve McMahon,1
Meaker,Michael,Michael Meaker,1
Mears,Tyrone,Tyrone Mears,1
Megson,Gary,Gary Megson,1
Mekawy Said Morsy,Samy Sayed,Sam Morsy,1
Mendy,Nampalys,Nampalys Mendy,1
Mengi,Teden,Teden Mengi,1
Mensah,John,John Mensah,1
Menseguéz,Juan Carlos,Juan Carlos Menseguéz,1
Mepham,Chris,Chris Mepham,1
Mérida Pérez,Francisco,Fran Mérida,1
Meyer,Max,Max Meyer,1
Michalik,Lubomir,Lubomir Michalik,1
Mike,Adie,Adie Mike,1
Miller,Paul,Paul Miller,1
Miller,Liam,Liam Miller,1
Moldovan,Viorel,Viorel Moldovan,1
Montero,Jefferson,Jefferson Montero,1
Moreira de Oliveira,Sávio,Savinho,1
Morgan,Chris,Chris Morgan,1
Mornar,Ivica,Ivica Mornar,1
Morrow,Steve,Steve Morrow,1
Mortimer,Paul,Paul Mortimer,1
Mouyokolo,Steven,Steven Mouyokolo,1
Mukiele,Nordi,Nordi Mukiele,1
Mullin,John,John Mullin,1
Muniesa Martínez,Marc,Muniesa,1
Murphy,David,David Murphy,1
Muto,Yoshinori,Yoshinori Muto,1
Mvuemba,Arnold,Arnold Mvuemba,1
Møller Dæhli,Mats,Mats Møller Dæhli,1
N'Diaye,Alfred,Alfred N'Diaye,1
Nakata,Hidetoshi,Hidetoshi Nakata,1
Nalis,Lilian,Lilian Nalis,1
Narsingh,Luciano,Luciano Narsingh,1
Naughton,Kyle,Kyle Naughton,1
Naybet,Noureddine,Noureddine Naybet,1
Ndah,George,George Ndah,1
Ndong,Didier,Didier Ndong,1
Ndoye,Dan,Dan Ndoye,1
Newhouse,Aidan,Aidan Newhouse,1
Newton,Shaun,Shaun Newton,1
Ngumoha,Rio,Rio Ngumoha,1
Niakhaté,Moussa,Moussa Niakhaté,1
Nicol,Steve,Steve Nicol,1
Nijholt,Luc,Luc Nijholt,1
Nilis,Luc,Luc Nilis,1
Nilsson,Roland,Roland Nilsson,1
Nimni,Avi,Avi Nimni,1
Noone,Craig,Craig Noone,1
Normann,Mathias,Mathias Normann,1
Nyarko,Alex,Alex Nyarko,1
Nyatanga,Lewin,Lewin Nyatanga,1
O'Brien,Lewis,Lewis O'Brien,1
O'Brien,Liam,Liam O'Brien,1
O'Keefe,Stuart,Stuart O'Keefe,1
Oakes,Scott,Scott Oakes,1
Obi,Mikel John,John Obi Mikel,1
Okoli,Caleb,Caleb Okoli,1
Okore,Jores,Jores Okore,1
Oldfield,David,David Oldfield,1
Omobamidele,Andrew,Andrew Omobamidele,1
Onyeka,Frank,Frank Onyeka,1
Orlandi,Andrea,Andrea Orlandi,1
Örlygsson,Thorvaldu,Thorvaldu Örlygsson,1
Osborn,Ben,Ben Osborn,1
Paatelainen,Mixu,Mixu Paatelainen,1
Padovano,Michele,Michele Padovano,1
Page,Robert,Robert Page,1
Palacios,Wilson,Wilson Palacios,1
Palmer,Steve,Steve Palmer,1
Parker,Paul,Paul Parker,1
Patterson,Darren,Darren Patterson,1
Patterson,Mark,Mark Patterson,1
Paz,Adrian,Adrian Paz,1
Pearson,Nigel,Nigel Pearson,1
Pedersen,Per,Per Pedersen,1
Pennington,Matthew,Matthew Pennington,1
Perch,James,James Perch,1
Pereira da Silva,Fábio,Fábio,1
Pérez,Sébastien,Sébastien Pérez,1
Perisic,Ivan,Ivan Perisic,1
Perpetuini,David,David Perpetuini,1
Pezzini Leiva,Lucas,Lucas Leiva,1
Phelan,Terry,Terry Phelan,1
Phillips,Kalvin,Kalvin Phillips,1
Phillips,Nathaniel,Nathaniel Phillips,1
Pieters,Erik,Erik Pieters,1
Piper,Matt,Matt Piper,1
Polston,John,John Polston,1
Powell,Darren,Darren Powell,1
Powell,Nick,Nick Powell,1
Pratley,Darren,Darren Pratley,1
Pressley,Steven,Steven Pressley,1
Prica,Rade,Rade Prica,1
Pugh,Danny,Danny Pugh,1
Purse,Darren,Darren Purse,1
Puygrenier,Sébastien,Sébastien Puygrenier,1
Quina,Domingos,Domingos Quina,1
Rashica,Milot,Milot Rashica,1
Reddy,Michael,Michael Reddy,1
Redmond,Steve,Steve Redmond,1
Regis,Cyrille,Cyrille Regis,1
Reiziger,Michael,Michael Reiziger,1
Ricketts,Rohan,Rohan Ricketts,1
Ricketts,Sam,Sam Ricketts,1
Riether,Sascha,Sascha Riether,1
Rinaldi,Douglas,Douglas Rinaldi,1
Riveros,Cristian,Cristian Riveros,1
Rivière,Emmanuel,Emmanuel Rivière,1
Roberts,Connor,Connor Roberts,1
Robinson,Paul,Paul Robinson,1
Robinson,Jack,Jack Robinson,1
Robinson,Marvin,Marvin Robinson,1
Robinson,Paul,Paul Robinson,1
Roca,Marc,Marc Roca,1
Rodrigues Cristóvão,Hélder Marino,Hélder Cristóvão,1
Rodrigues da Silva,Alexandre,Alexandre Pato,1
Rodríguez Ruiz,Jesé,Jesé,1
Rojo,Marcos,Marcos Rojo,1
Rosenior,Liam,Liam Rosenior,1
Rossi,Giuseppe,Giuseppe Rossi,1
Rowland,Keith,Keith Rowland,1
Safri,Youssef,Youssef Safri,1
Sahin,Nuri,Nuri Sahin,1
Saïb,Moussa,Moussa Saïb,1
Saivet,Henri,Henri Saivet,1
Sakho,Lamine,Lamine Sakho,1
Samatta,Mbwana,Mbwana Samatta,1
Sambi Lokonga,Albert,Albert Sambi Lokonga,1
Sammon,Conor,Conor Sammon,1
Sánchez,Carlos,Carlos Sánchez,1
Sanetti,Francesco,Francesco Sanetti,1
Sansom,Kenny,Kenny Sansom,1
Santon,Davide,Davide Santon,1
Santos Lopes de Macedo,Kevin,Kevin,1
Savic,Stefan,Stefan Savic,1
Schemmel,Sebastien,Sebastien Schemmel,1
Schindler,Christopher,Christopher Schindler,1
Schmeichel,Peter,Peter Schmeichel,1
Schweinsteiger,Bastian,Bastian Schweinsteiger,1
Scotland,Jason,Jason Scotland,1
Scott,Kevin,Kevin Scott,1
Scott,Martin,Martin Scott,1
Scott,Philip,Philip Scott,1
Sema,Ken,Ken Sema,1
Seri,Jean,Jean Seri,1
Shechter,Itay,Itay Shechter,1
Shittu,Danny,Danny Shittu,1
Shotton,Ryan,Ryan Shotton,1
Silveira Neves Vojnovic,Lyanco Evangelista,Lyanco,1
Simms,Ellis,Ellis Simms,1
Simons,Xavi,Xavi Simons,1
Simpson,Jay,Jay Simpson,1
Sissoko,Mohamed,Mohamed Sissoko,1
Skipp,Oliver,Oliver Skipp,1
Smallbone,Will,Will Smallbone,1
Smith,David,David Smith,1
Sneekes,Richard,Richard Sneekes,1
Snodin,Ian,Ian Snodin,1
Solbakken,Stale,Stale Solbakken,1
Soler,Carlos,Carlos Soler,1
Sonko,Ibrahima,Ibrahima Sonko,1
Sonne,Oliver,Oliver Sonne,1
Sosa,Ramón,Ramón Sosa,1
Southall,Nicky,Nicky Southall,1
Spector,Jonathan,Jonathan Spector,1
Spence,Djed,Djed Spence,1
Squillaci,Sébastien,Sébastien Squillaci,1
Srbeny,Dennis,Dennis Srbeny,1
Stam,Jaap,Jaap Stam,1
Stam,Ronnie,Ronnie Stam,1
Stearman,Richard,Richard Stearman,1
Stephens,Dale,Dale Stephens,1
Stevenson,Jonathan,Jonathan Stevenson,1
Stewart,Jordan,Jordan Stewart,1
Stewart,Ross,Ross Stewart,1
Stokes,Anthony,Anthony Stokes,1
Stracqualursi,Denis,Denis Stracqualursi,1
Sugawara,Yukinari,Yukinari Sugawara,1
Summerbell,Mark,Mark Summerbell,1
Surridge,Sam,Sam Surridge,1
Taiwo,Taye Ismaila,Taye Ismaila Taiwo,1
Talboys,Steve,Steve Talboys,1
Taylor,Charlie,Charlie Taylor,1
Taylor,Jack,Jack Taylor,1
Tchaouna,Loum,Loum Tchaouna,1
Tella,Nathan,Nathan Tella,1
Thatcher,Ben,Ben Thatcher,1
Thomas,Luke,Luke Thomas,1
Thornton,Sean,Sean Thornton,1
Tiendalli,Dwight,Dwight Tiendalli,1
Tiote,Cheick,Cheick Tioté,1
Tisdale,Paul,Paul Tisdale,1
Toffolo,Harry,Harry Toffolo,1
Tomori,Fikayo,Fikayo Tomori,1
Trabelsi,Hatem,Hatem Trabelsi,1
Traore,Armand,Armand Traore,1
Trindade da Costa Neto,André,André,1
Trollope,Paul,Paul Trollope,1
Tuanzebe,Axel,Axel Tuanzebe,1
Tzimas,Stefanos,Stefanos Tzimas,1
Ugarte,Manuel,Manuel Ugarte,1
Valakari,Simo,Simo Valakari,1
Van Damme,Jelle,Jelle Van Damme,1
van Gobbel,Ulrich,Ulrich van Gobbel,1
van Wolfswinkel,Ricky,Ricky van Wolfswinkel,1
Varadi,Imre,Imre Varadi,1
Varela Tavares,Nuno Albertino,Nuno Tavares,1
Varga,Stanislav,Stanislav Varga,1
Véliz,Alejo,Alejo Véliz,1
Venison,Barry,Barry Venison,1
Ventola,Nicola,Nicola Ventola,1
Vernazza,Paolo,Paolo Vernazza,1
Viáfara,Jhon,Jhon Viáfara,1
Vietto,Luciano,Luciano Vietto,1
Vlasic,Nikola,Nikola Vlasic,1
Vrancic,Mario,Mario Vrancic,1
Vukcevic,Simon,Simon Vukcevic,1
Vukic,Zvonimir,Zvonimir Vukic,1
Wagué,Molla,Molla Wagué,1
Wallwork,Ronnie,Ronnie Wallwork,1
Ward,Darren,Darren Ward,1
Ward,Mitch,Mitch Ward,1
Ward,Danny,Danny Ward,1
Warzycha,Robert,Robert Warzycha,1
Wasilewski,Marcin,Marcin Wasilewski,1
Whalley,Gareth,Gareth Whalley,1
Whelan,Phil,Phil Whelan,1
Whitbread,Adrian,Adrian Whitbread,1
Whitley,Jeff,Jeff Whitley,1
Whyte,Chris,Chris Whyte,1
Wieffer,Mats,Mats Wieffer,1
Wilbraham,Aaron,Aaron Wilbraham,1
Williams,Mark,Mark Williams,1
Williams,Brandon,Brandon Williams,1
Williams,Paul,Paul Williams,1
Williams,Geraint,Geraint Williams,1
Williams,Michael,Michael Williams,1
Williamson,Mike,Mike Williamson,1
Wilson,Marc,Marc Wilson,1
Wome,Pierre,Pierre Wome,1
Wooter,Nordin,Nordin Wooter,1
Worrall,Joe,Joe Worrall,1
Yacob,Claudio,Claudio Yacob,1
Yarmoliuk,Yehor,Yehor Yarmoliuk,1
Yates,Steve,Steve Yates,1
Zabarnyi,Illia,Illia Zabarnyi,1
Zappacosta,Davide,Davide Zappacosta,1
Zheng,Zhi,Zheng Zhi,1
Ziegler,Reto,Reto Ziegler,1
Zohore,Kenneth,Kenneth Zohore,1
Zuñiga,Juan Camilo,Juan Camilo Zuñiga,1

